pop,x_coord,y_coord
ITU,-20.8971259095,-21.4804309159
STU,-16.3788605406,-16.7968445273
ESN,-0.537625414945,-8.21896186652
YRI,0.280541149105,-26.5600355244
LWK,4.09725534024,-24.0608450865
ACB,-18.5058108475,-19.7950059913
GBR,-2.63390408506,-16.6526372733
LWK,-0.349197699163,-25.5148772419
ESN,-9.42887911157,-18.7165751387
GWD,-15.8011731367,-18.8132972372
MSL,-2.07310794415,-11.6064541627
ESN,5.98607931465,-14.2979959031
MSL,-5.95883375327,-19.4574530201
YRI,-2.47143863976,-18.9257756669
TSI,1.13251840921,-9.33852988067
FIN,-0.833079658947,-5.94862029792
CLM,0.947702379546,-19.208886692
MXL,-19.4755170595,-21.1223460725
TSI,-3.09360650899,-13.2406177191
GIH,1.66644214984,-24.4042503773
JPT,0.582078288959,-11.0115390584
CHB,6.84053425752,-25.4052572285
GIH,-2.80003509588,-18.356633722
IBS,-15.5612782182,-21.3981875185
KHV,4.52358039629,-20.7577077338
LWK,4.10849009455,-23.5201201979
CLM,-3.46618796264,-17.3728937518
KHV,-14.6536189494,-25.8383337567
CHS,-0.314506375462,-17.4049408037
CHS,2.80578675056,-16.2963384814
PUR,8.1198869335,-28.0678240697
CLM,2.45719720999,-9.54576582424
LWK,-8.074854727,-11.3826821462
PEL,9.3769747734,-27.8695064773
GBR,3.87434668978,-27.0314903021
CHS,-0.245767409484,-11.1227124371
TSI,-8.50373864992,-15.9180267275
CEU,-5.43245478302,-20.6499877765
PJL,-2.79259209596,-15.9042302505
IBS,-7.85915176162,-19.0631355014
ITU,-7.62584795281,-26.0194455708
STU,-9.63598580303,-22.4539688803
GBR,-1.41407482116,-21.6414609454
ESN,-1.51234970832,-22.5970659553
ASW,4.02385954242,-28.7466535034
ESN,-15.4721977708,-23.4406086772
ITU,-14.8907957099,-27.4195163792
STU,6.37259143558,-17.1206311202
CHB,-3.31521978548,-15.8618544821
FIN,-21.2172783102,-19.3986056363
ITU,3.08971122241,-13.9685108695
CEU,3.56873358494,-14.8597029201
PUR,-0.170465659662,-18.4518661683
GWD,-17.580742948,-16.7525896162
ITU,-3.7241029678,-20.8753117068
CLM,-1.17184456399,-13.6953764454
ASW,-15.3134149928,-17.8668906275
TSI,-5.49993587464,-17.7179690087
PUR,-2.8509910064,-19.1656427548
IBS,-0.584215546583,-16.9862799354
STU,-0.326217755266,-33.9187346511
ACB,-14.9144662592,-21.3971974995
FIN,3.12044753086,-29.2151922599
CEU,-1.05748848409,-19.8883511906
ACB,1.1624722813,-25.3443867109
STU,1.32792108376,-21.2812922616
LWK,-11.6743824553,-24.5207463059
ASW,-1.73508853142,-17.3301672033
ACB,-5.27401304511,-8.4828000342
PEL,-1.2779873263,-35.6347913486
YRI,0.144376070244,-22.4460167818
ESN,2.76788777092,-15.1585051839
PEL,-10.962620478,-20.3775148744
GIH,1.52246558018,-23.1714212971
CHS,4.32606930927,-16.6297231838
GWD,1.58405760849,-9.34448322714
ESN,-4.95904084688,-13.588306172
LWK,0.289805589159,-17.9645879899
PUR,-14.6671281651,-18.589452298
STU,2.32852081389,-18.1300168151
IBS,-2.20259788264,-7.44323248698
JPT,0.103632369736,-20.0683250364
TSI,4.41263222911,-27.6351423534
GBR,6.68765003255,-21.9336702213
JPT,6.09699491887,-12.2597937817
ITU,-12.8820813244,-15.4481225092
ITU,-6.72343321839,-15.804644556
ACB,-9.99379268774,-21.6833507969
CHB,-16.0027588796,-20.9410513682
LWK,-5.57032469961,-5.22532572253
BEB,-7.06409834888,-17.288796716
LWK,-11.6142311422,-18.7084537352
IBS,-2.98572244144,-11.7478110046
KHV,8.32795393239,-26.2080109691
PJL,2.0312220092,-21.0278660417
BEB,7.02424033947,-28.5644387796
MXL,0.24150049166,-8.67982932132
GWD,2.66346844769,-21.2275326342
PJL,-14.8290796893,-20.7094200436
IBS,-16.0728455216,-22.5334366443
MSL,2.61718706961,-21.61284105
PJL,-1.09315617878,-19.090137245
ESN,4.47228754262,-28.5731036323
PJL,-13.5025657843,-30.5771809714
CDX,-4.12073751808,-4.06537113525
PUR,1.7778074068,-20.5208157521
ACB,1.79819603298,-10.5785448898
CLM,-6.07251884486,-23.7137656916
ACB,-11.0240495722,-21.9721823885
CLM,2.43795563812,-23.3441417421
JPT,2.60196903979,-28.1618611207
YRI,0.782095723096,-22.5233795402
PJL,-0.781547085976,-10.9634166532
PUR,3.66422588854,-30.7181533955
CDX,-2.87426691168,-12.205857962
LWK,4.89995613481,-22.1650932089
CDX,-2.60298633669,-10.4328016344
LWK,-6.75082037278,-17.1194397325
STU,-18.1997569356,-25.3441681041
KHV,-1.85506435705,-19.8953200367
GWD,2.96087631159,-16.7338997691
TSI,-4.58203038893,-8.20948503353
GWD,-20.1462504887,-20.7527471209
PEL,-0.168735725667,-17.8183336439
BEB,5.56107127959,-18.0791926075
PJL,-11.2320673664,-17.2611153207
GIH,4.90412038512,-26.7989147205
ITU,9.21516739963,-23.4911496356
IBS,-4.01618073704,-11.0574515521
ACB,-18.3630857803,-22.0955385711
YRI,7.22063946375,-28.3730508129
TSI,-2.69442649092,-13.6846430977
IBS,-12.5634472833,-18.0934922581
CDX,-2.33826260479,-15.6284450547
ESN,-1.07506020271,-33.9409696438
CLM,-13.1490193833,-15.9185589394
GIH,-1.35109059602,-26.7839934691
ASW,2.20189965865,-28.8160422988
GBR,4.11910489395,-28.9387154656
STU,1.20402307695,-9.54367596248
ACB,0.304376310339,-13.3459059794
GBR,-1.08637812796,-14.074258236
KHV,-1.95412533762,-17.8566484292
PEL,-10.5118412705,-19.6714767846
CLM,2.5352703854,-24.9769004366
GWD,-13.3474297864,-17.5594802479
GWD,4.98698258562,-20.2078042918
CLM,-3.18974016555,-18.4188997918
CHB,5.93576234752,-20.8537967389
ITU,-10.4640179616,-24.3658663891
LWK,-4.87608148084,-24.1157166259
FIN,3.1699006867,-18.4904679718
ITU,-0.0440198677733,-16.4663543841
KHV,3.57916712153,-21.6310493576
ASW,-8.74230649876,-26.5091718345
CEU,-1.74287258358,-16.9590152945
TSI,1.30991780312,-14.3268967191
GWD,-11.2140032165,-29.6150788715
KHV,2.37431794605,-16.167457125
CLM,-13.0516257937,-13.982239963
CHB,0.824167511863,-17.1783843443
CLM,4.08393322301,-22.3338412358
GBR,-17.9060822912,-24.3932253278
JPT,-20.8468725482,-24.6176937437
PJL,3.03981142323,-16.8251811375
GIH,3.13484945873,-21.5212358631
FIN,-9.5605732102,-19.8741417232
STU,1.13350283635,-23.7314816381
FIN,7.01865058167,-19.2522749615
ITU,-14.0691568046,-24.311705814
KHV,-21.7752686801,-25.1122048168
JPT,-18.9868627573,-24.0978544342
FIN,-4.04159451696,-17.8072708239
LWK,-2.69779598657,-7.9647062037
ASW,3.48523941046,-17.3762336656
BEB,1.81212414191,-1.78922949517
CHB,-3.64216352629,-16.7296303905
JPT,-3.34484369331,-21.0605475553
KHV,-15.1118236299,-29.4111629782
LWK,-2.81147315988,-14.2544379114
ACB,-3.52068268669,-12.5301290262
ESN,1.04178013709,-25.5777136094
CDX,2.14793616499,-19.6398742104
CLM,-14.7276769562,-24.7551298079
GWD,0.575714013351,-17.7669603802
ESN,-3.28474389699,-23.9225594041
CLM,4.3707067552,-20.5877932939
LWK,-7.37386694522,-19.0158820792
CLM,-0.53432226537,-13.9837459324
LWK,-13.1089533685,-26.4700838459
IBS,-4.84170233875,-27.6886668731
GBR,-8.64395094983,-19.0284944475
PUR,-2.56678123252,-8.35793121395
MSL,7.12802964924,-20.9561603569
MXL,0.965415385303,-15.1983799554
CHB,2.86425042398,-24.8551807688
CLM,-0.0981045908045,-19.0895768285
PUR,-13.9203970778,-13.3784227233
CHB,7.89257716022,-20.1656128527
GBR,4.35787344835,-27.9981158713
CHB,2.9183233876,-24.5681194359
GIH,-4.48230974861,-15.5059201722
FIN,0.796473370373,-19.308947068
YRI,-8.4897416275,-24.1929103348
PEL,-3.86070809224,-9.04842735309
MSL,-6.90412339012,-18.9515496387
CEU,7.64710411915,-22.1955678934
KHV,-18.1598767898,-23.8245447916
ESN,-11.7869075329,-23.2283081067
BEB,-10.2446514897,-16.3231564973
FIN,-0.268183478518,-23.7747851257
ESN,-1.05660727316,-4.84688999401
ACB,3.82829102551,-22.0726816565
PJL,-2.62611466197,-23.2881277332
GBR,8.31899743296,-21.1317387003
ASW,1.74468062784,-11.6092494445
MXL,-15.1398188304,-21.6627470236
PUR,1.97955936436,-24.6291566218
CHB,-8.94265128282,-22.3492340127
CLM,1.39032038828,-7.63893705551
GWD,5.53102024468,-25.6305586513
PJL,3.39944368144,-22.3642708435
PEL,-10.1628548769,-17.9225027954
ASW,4.36806584624,-25.5249540407
TSI,4.82014184634,-20.8058221856
STU,-3.3826057965,-20.8997325607
IBS,-0.42329491133,-9.28983488837
FIN,2.13257178232,-22.0340445958
PUR,-18.7333285094,-26.1063556975
CEU,3.41985466658,-23.5646625506
GWD,-4.30240013593,-0.739106211759
YRI,-1.50854389597,-18.9538620951
PJL,-11.2058988874,-21.3617993402
CHS,-0.586124161692,-7.62482015779
PJL,2.81188348026,-12.6258309
CHS,6.47245894439,-25.7838840756
ITU,-13.9187551878,-31.903734663
CDX,-6.59308695679,-11.6110367
CHB,-4.47833638726,-17.0669248995
KHV,-7.03351784896,-17.052157505
CDX,-0.0247062794326,-15.4593029001
PJL,0.492122755501,-6.61908218648
GWD,7.60358816811,-20.1997008264
ITU,-4.48233818307,-21.3148676414
GWD,-3.60284603588,-11.4554842705
TSI,0.605833537829,-23.3931704955
LWK,-19.3415840679,-18.6682587638
LWK,-0.999901987912,-26.1629418709
IBS,-8.87587704993,-9.36707637881
GBR,-3.02287429472,-16.7271544184
ACB,1.74109332829,-29.1503787027
PJL,-20.1721092134,-21.6770131154
CHB,-4.39486904768,-11.7968954789
PEL,-14.2946288386,-14.4625537434
JPT,-0.687809359651,-13.7155904243
PJL,6.8798983709,-24.8759819245
FIN,-3.19944061553,-12.9836486517
PUR,-5.01314901151,-13.1457807089
PEL,-8.59328509446,-29.3874786274
JPT,-8.24339186229,-14.9628917413
TSI,-0.0801473367286,-20.8231244443
IBS,-2.90668865911,-21.063952272
JPT,2.45646635154,-26.2544165927
CHS,-3.77774360276,-12.4642747129
PJL,1.30536468892,-12.0849771334
CLM,0.116244759763,-24.5367452435
TSI,-3.88896509114,-0.655113235852
MXL,6.52750959655,-20.226247366
KHV,-3.71990427546,-12.4942728113
PJL,5.46005338148,-24.3830410415
TSI,4.43790471895,-21.0209056797
BEB,3.85402067394,-20.8102015264
TSI,-15.0338757759,-20.1273276547
YRI,3.19969311884,-14.8734330166
CLM,0.391968080463,-21.3963369462
JPT,-0.701324121939,-10.5156406154
GWD,6.52097768813,-26.3203908284
BEB,-3.45905367859,-3.19352831259
CHS,-13.7470275722,-28.8001466959
ASW,-16.1441650799,-18.8480868647
LWK,-14.9944684672,-23.078795579
ASW,4.88513022326,-31.2102738949
IBS,-7.05410788225,-17.2265088379
GBR,-22.0750181848,-17.5527313044
PEL,2.45287790964,-15.0277362572
FIN,1.94315391494,-12.8591047251
CLM,3.27182228982,-24.4975340854
ACB,3.64256821304,-23.0113522801
GWD,-1.18320522858,-18.427863337
BEB,8.80539656302,-22.5330128524
FIN,-3.70199780188,-26.1018879017
PUR,2.12919518704,-20.6295976024
YRI,-11.4406310571,-17.5798018142
TSI,-11.5802540741,-29.9871110826
PJL,-3.7411883077,-15.1885434037
CHB,6.52191718694,-16.5188041417
CEU,-17.4474651111,-12.4337663883
FIN,-1.47360030421,-24.5220477272
KHV,1.00527046217,-30.9312804496
CEU,-14.3113062805,-20.7111584392
MXL,5.4387520072,-21.127673088
FIN,-1.25697994842,-27.9986779316
KHV,-4.09564332928,-4.124692422
CEU,-12.0853179213,-10.2005839715
PEL,2.32744901236,-21.6689183948
TSI,4.57442657023,-20.70795621
GBR,-2.0245949914,-14.2857762562
GBR,2.01724074742,-13.6262195479
CHB,-1.49835087449,-12.0205027064
CEU,7.77482424207,-18.9464022428
JPT,-7.2792073819,-15.7141166796
PEL,-16.8004056483,-26.1558856531
CLM,4.61938202835,-14.3128602717
TSI,-11.32308368,-16.9890662729
CHB,9.14579016409,-26.371808912
PUR,2.90939755346,-18.2281867639
TSI,-13.6839562218,-19.1867747089
IBS,1.92070200121,-11.810142195
STU,-3.08495527068,-20.8900893393
CEU,-1.77357029267,-17.0916627246
CHB,-14.9291362862,-16.3789529406
YRI,0.151088327852,-25.8496601948
GBR,1.40103936561,-22.3346122686
GIH,-13.7810746254,-21.6612145183
PJL,5.64030593976,-22.7570013768
GBR,5.79364755004,-20.7583164706
PEL,4.19838807239,-21.5649594587
CHS,-15.3204006902,-26.7259768331
FIN,-1.69375390525,-15.6745782736
CDX,-14.1426951308,-24.853225197
CLM,1.54578274499,-9.83617996854
IBS,1.96537567501,-29.3756860744
PEL,0.491226106093,-8.64259441453
FIN,-8.26978086595,-18.3213779472
IBS,6.70835360275,-28.5551110817
TSI,-9.02231639938,-23.7470849138
IBS,4.90659831625,-31.6002114282
KHV,1.6761423231,-13.5952454844
CEU,9.05716932036,-26.9188419647
GBR,2.89426193484,-24.8268408462
CLM,2.47903425086,-20.7149653289
PEL,-3.12103549697,-14.0466433781
GIH,-15.4334918,-14.2680396753
GIH,-9.28140633181,-19.859543592
ESN,1.12527921768,-22.2468274644
STU,8.35746285661,-26.2337522996
PEL,-14.4464280011,-17.9624675858
BEB,-17.1435925946,-26.3211592611
TSI,-2.61222024504,-22.3513814425
ACB,-0.557092307927,-7.96413096826
STU,0.489027948352,-8.44883827345
FIN,3.51828308197,-8.0815642055
CHB,-20.5921756723,-18.077406514
GWD,3.30465169701,-25.8321366916
FIN,-3.12164713905,-15.9013772323
CHS,6.00699549326,-27.5063376346
CLM,-15.6977039167,-18.7060903266
PUR,-4.22507070888,-0.456405499334
CEU,-4.83765060873,-20.0092552004
ESN,4.40885393634,-16.2599386486
JPT,2.13333921309,-15.6393088647
ASW,-10.5567418152,-15.3683768499
KHV,0.378755325281,-10.7389202444
CHB,7.84130933876,-20.0876402169
STU,2.38947186191,-17.6874174031
LWK,-7.11922530881,-24.7988725331
ESN,-10.9439837743,-24.3701118881
GIH,3.92983678214,-18.4211597818
CDX,-15.125770332,-16.6322458837
PJL,3.83751098595,-20.9915495466
PEL,1.66502459143,-24.0796932053
KHV,1.71711265348,-9.68063086368
CLM,0.51737704508,-20.7500389706
GWD,-10.9662003367,-21.7142229784
ACB,-11.3957502024,-18.6914421791
PEL,-22.8789658882,-20.6427283968
STU,-1.20588954766,-36.5216280207
CHB,-4.79477639016,-13.1602341217
GWD,3.51500668471,-10.3134751688
ESN,2.13281932194,-20.1091731458
LWK,4.73935995067,-14.0122682987
PEL,-14.1406629725,-21.9505748992
IBS,7.74784407699,-27.2914659986
CHS,-19.7920390837,-20.5331091278
ESN,-5.63907992181,-15.0286404619
PJL,-3.93009277119,-8.82533738873
JPT,-4.6323281526,-20.5933496705
CDX,4.96901162783,-19.4577439518
PJL,2.14167319844,-19.0707231368
ESN,5.06973777436,-21.4339353976
FIN,2.22831316656,-16.0287313107
MSL,2.69883899918,-21.500113858
IBS,-0.752553471481,-13.0403978941
PJL,-5.88681038104,-26.1227449269
JPT,-1.83052981248,-14.1508183087
BEB,-7.40186935083,-15.0854870807
IBS,3.94528536913,-23.6185331493
PEL,-0.351348969666,-23.4870649339
ESN,4.10444376645,-22.5330852384
GWD,2.50625202289,-29.8408950878
JPT,4.82036305968,-12.0275376853
IBS,4.15934461053,-21.645837714
BEB,4.24060192161,-13.9817444322
BEB,1.57833698683,-27.3561570838
CDX,-5.31857371718,-18.1473934836
FIN,9.08195823564,-26.9502058506
CDX,0.769864889104,-14.8299690426
STU,-7.80372501841,-24.3233250621
CHB,3.73153996475,-23.097814775
JPT,-18.237807168,-22.2236975271
PUR,-16.9399627821,-28.0513060443
GIH,5.51926933841,-14.1323402085
GIH,-0.550135225651,-21.6034144088
ASW,-9.61582580801,-16.7513484698
STU,-8.33975368329,-26.6341518283
KHV,1.85558214491,-23.5949952337
FIN,-5.00728935838,-8.90106687084
ASW,0.458396641425,-16.0389563824
FIN,-4.04739810117,-14.4912726957
ITU,-0.7770413676,-19.0075283773
CEU,-16.4490893721,-26.4737223316
JPT,0.191834565047,-22.9110016283
JPT,-1.80767430318,-11.2873989148
CEU,-5.42159166212,-12.5910018867
PUR,-12.7492488286,-17.4914383422
GWD,-2.55013741788,-18.6034861343
LWK,-14.5956419914,-18.1770144567
CEU,-0.0830008516693,-19.2952171644
CLM,-2.52154648994,-18.4127898589
CDX,0.927020471591,-24.1178788361
KHV,-0.797778768028,-11.1510648666
ACB,8.79960593785,-27.6362092951
IBS,0.139838233566,-19.6483183399
IBS,1.63819634465,-31.6293594334
PJL,-1.76696709331,-13.7040289181
IBS,-7.02933318406,-22.6636066931
CDX,-0.282033470832,-19.1192681565
CHB,2.95640295482,-9.89860529475
GIH,3.52431562208,-14.2053757169
CLM,-17.5952757885,-19.5033940273
ESN,5.43249769576,-22.2398678277
KHV,-4.78758471387,-15.7701015654
JPT,-5.67410123013,-13.4084580075
BEB,-1.38535694809,-10.3331210946
TSI,-2.27276758316,-7.17894843431
TSI,-0.198545379561,-21.9317657183
ACB,-3.20503091308,-11.8799698733
KHV,2.78506589954,-14.9930633587
ASW,-0.3944075083,-10.6284987714
CHS,-3.58114456772,-13.2309423651
CDX,2.49115538294,-16.1539786186
PEL,-13.1340100268,-23.1051267022
ESN,-4.534227729,-12.744993241
YRI,0.719880355163,-17.0070889986
ESN,-0.512608391732,-14.0230921224
CEU,-16.2422242029,-22.4576007303
CLM,6.24186479805,-25.7607648229
GIH,-2.42735184547,-12.2322710345
CDX,4.5454518983,-20.4911873009
CEU,3.32510198952,-13.359884766
STU,2.82603675825,-21.0578288945
JPT,4.75973152112,-21.7846248072
LWK,-12.8312441673,-23.232038014
MSL,-18.7026776837,-20.8194095211
LWK,3.73289264161,-19.7379920079
CEU,1.0392937809,-18.6500406505
GWD,1.90880471661,-29.8980385809
PEL,0.0603230323113,-27.4267928661
CEU,0.674010001225,-5.73630207063
FIN,5.08488858347,-22.2710174004
JPT,6.44035446091,-22.0738796948
LWK,-9.96336149537,-19.9196180233
PUR,3.15892898037,-20.7398750472
STU,-1.07491225011,-27.9500761589
CEU,4.01315689761,-28.5546108867
CDX,6.93490754568,-28.2691633269
JPT,1.40375542031,-17.6181335721
ITU,2.31863388892,-14.4480780971
CEU,-1.68432154945,-6.69954700915
PEL,-1.63959713135,-23.0242360295
ACB,1.96282597899,-9.3796414724
ACB,3.52051989335,-17.2922914599
GWD,2.301290335,-21.5872629613
PUR,-3.29389214534,-20.1141523547
GWD,-11.2828800811,-16.3470979469
YRI,-8.43397837166,-19.1227893718
FIN,3.85730647206,-9.42821411739
PUR,1.4941498839,-12.9333646549
GWD,3.48069217523,-12.162409313
CHS,3.92061796557,-23.4001682576
PJL,5.57245722909,-28.7341304489
GIH,-19.8148365184,-16.9371126756
ESN,6.34194261378,-18.2249593827
ACB,7.44852348886,-19.8490626629
ITU,-10.6047104295,-18.3915759187
TSI,-12.0946375952,-17.5202113611
PEL,9.15530869832,-27.5923233928
PEL,0.782923393306,-3.40496461015
FIN,-7.25879237871,-21.6669874236
PUR,-19.9410286748,-24.91984477
KHV,1.39815687138,-16.4365528467
CLM,-2.42709493915,-26.6755699379
CEU,-4.86720817575,-9.18069617324
GIH,0.574030261747,-17.6964721976
PUR,1.73225293723,-22.1779841219
ASW,4.05960739611,-25.5353350918
ITU,-4.89620083926,-14.3616025273
KHV,4.41467719049,-15.5300157287
GBR,5.5523984452,-21.776952325
CEU,-8.97463759299,-19.58329793
STU,4.76731950993,-21.7468134913
ITU,-3.11238494326,-16.2252136048
CDX,5.28085044583,-14.1745832915
ACB,-0.206663209781,-22.6318455195
ESN,1.77122919683,-23.9718868476
BEB,-18.4302381774,-21.5751892026
GWD,-16.6990529355,-21.1356735463
FIN,3.80371200779,-21.429216311
ITU,-1.0210966023,-16.4847784801
ESN,-0.78399024238,-12.9462038103
GWD,8.79595761737,-28.8485216973
IBS,-5.0347226693,-5.97949380074
CHS,-0.712125075971,-14.2444268457
MSL,-23.1640952652,-20.3319281203
CHS,-0.292204218297,-2.47408672609
ACB,2.24352747163,-14.579938686
ITU,-5.40294649602,-6.10072900302
ESN,-7.53161689771,-16.932569444
GWD,1.4144446671,-15.4901399243
CHB,-0.102578801818,-10.0239599429
ITU,-9.74157942163,-21.5415850739
ACB,-4.62118238228,-18.0585461256
PEL,0.95218877913,-8.68692260056
GIH,1.66916005696,-16.1575333834
GBR,3.50328223663,-22.4456485047
TSI,-5.1440552425,-19.7785183276
GIH,-2.69828393324,-26.3509680126
CEU,1.24460111435,-17.9058586176
ITU,-2.37944689008,-26.3133227582
TSI,-10.855558496,-22.5565715393
KHV,8.65315262787,-26.316122291
ITU,-3.29927226188,-26.0326284931
ACB,1.24509883592,-16.849544954
GIH,-0.250486343799,-23.6765897695
PEL,0.0482258609842,-11.5828554833
CDX,-3.68162807114,-30.8094772794
CLM,8.60610457662,-20.8270714907
CHB,2.94409403504,-15.637766207
KHV,1.01217460841,-22.3365696301
ITU,-8.98294314824,-24.0547251977
STU,2.51565956391,-20.8080775832
JPT,-5.34746646755,-8.01049657632
CHB,-2.72012389383,-20.2184746581
PUR,3.59031605243,-21.4591061793
ITU,2.19910964216,-24.2393577191
GWD,1.73392339106,-17.9698032534
MXL,-10.0714684735,-10.126528431
CLM,2.02241565438,-22.6638863213
JPT,-3.14686344019,-23.4884641713
GBR,3.24871281297,-28.4632724355
CLM,1.37775933855,-23.2973554799
MSL,3.09126744871,-10.6329535981
CDX,3.42464101598,-13.3977769557
ESN,-1.78938455789,-17.2425888571
CLM,0.993586176277,-17.0321934844
PJL,-1.98112285585,-18.4112035594
FIN,4.67063948554,-18.0614018476
ITU,-0.31837107137,-19.592193456
KHV,-17.087051901,-24.2268261873
GIH,-14.7283365057,-21.285432682
PEL,-5.78308102578,-25.9628795201
YRI,-9.09881313169,-11.580629837
PEL,7.80761886828,-19.6715728082
TSI,-16.4870747615,-20.3628265242
GIH,0.819985129232,-17.9032590364
GBR,1.89351055554,-23.7722372369
GIH,8.74291678389,-27.0761042883
STU,-12.1278618323,-28.6200294729
ITU,2.64128002509,-29.1742252282
BEB,8.18626711675,-23.4951689879
CLM,-2.46251593689,-31.2650533067
PEL,7.03308922861,-24.6646410166
MSL,-12.5419454844,-24.0228340716
CDX,-15.9579642389,-23.6325107231
IBS,-2.3612967409,-22.093399145
CDX,-16.0561911953,-18.0566628508
CEU,-3.81835860109,-24.0396187914
STU,3.37551500164,-27.7840612758
TSI,1.1312869266,-14.4326130423
CLM,-3.03356697362,-19.997450651
MXL,-13.5585065097,-19.0855103686
MXL,5.09710837253,-13.4827476983
ITU,2.14789306431,-29.4486440344
PEL,-11.5808516413,-16.5796577644
CDX,-7.92278088218,-21.3028775606
CDX,7.73793484558,-26.2981102659
MSL,1.10164605613,-17.344744216
STU,2.55267688738,-13.2139227951
IBS,-19.1240804867,-22.5994200669
ESN,8.09422448682,-27.5427428952
LWK,-4.88924549112,-17.776955474
BEB,-6.53635725444,-13.048350523
YRI,2.29770741816,-10.0816233204
GBR,-7.09418966288,-10.1072224134
ASW,7.67970701557,-20.5070917571
ESN,3.83373706764,-10.1145405215
IBS,-12.6447435877,-27.5066563334
GIH,-10.8032845819,-17.2636737172
PUR,-12.4653344601,-16.8675818515
ASW,5.70314666643,-21.0639369379
KHV,-0.661435807818,-17.328751783
YRI,1.29881524672,-17.166274637
KHV,-13.6274100724,-21.7658191941
KHV,-3.38502349058,-18.6344035484
ITU,-2.42374842795,-18.4971184607
CHB,-19.1086855736,-18.4666805507
JPT,-5.84148919866,-19.6440750428
PJL,5.36803813265,-19.1658855193
TSI,3.25449925754,-21.7685532791
PUR,-7.33809900052,-19.8474056297
FIN,3.63642327152,-20.7557165992
IBS,3.61034700048,-16.9135886899
PJL,-3.61878397381,-11.2258522145
TSI,7.2760791416,-19.2867491703
CDX,-8.70912811172,-18.8468458694
PUR,-1.41505731517,-15.9759708109
CLM,-1.9534345907,-17.9235554157
IBS,9.1837604241,-26.9562990953
GWD,-2.96555120628,-7.60052651785
CLM,4.04841396736,-23.5732438477
GWD,-7.14694976955,-6.21199163932
PUR,-10.8820810065,-15.9556450823
JPT,-1.84369739546,-24.3872076775
ACB,-4.6354788311,-21.8940171129
MSL,-13.3691614716,-14.164145173
GBR,3.74822958369,-23.913533106
PJL,-19.5290088254,-16.5597243104
CHB,-20.3590130121,-22.7719025542
PJL,-13.6877687928,-25.5015534934
ASW,-1.39746178769,-12.39891815
ACB,-4.46697656362,-21.6805053756
GWD,-14.7479243096,-17.5704393019
TSI,2.71474876426,-14.6124756787
ITU,-9.33074810895,-18.75297085
CHS,3.53415274564,-22.760183278
CHB,-5.33441746495,-19.1730674726
TSI,1.43365478255,-19.3568581457
BEB,-0.828407914722,-22.9910746551
CEU,1.94808961904,-16.688648692
CEU,3.78783888749,-18.1114705772
YRI,3.12681904913,-18.015259717
CHB,-2.4805959052,-25.6103680226
LWK,-2.12210144697,-19.7830694136
PUR,-13.4579798755,-20.2410110026
ITU,-10.4858477318,-26.8834191384
TSI,5.18715084325,-16.8589936946
GIH,-5.79624522366,-15.4773416874
CEU,-13.6116400578,-23.1790817531
CHB,-3.12464725597,-37.1886520926
ITU,0.554004598212,-1.9167993769
ASW,-4.49905312836,-21.6692463558
CHS,2.81618999283,-28.7755184268
TSI,-4.467573101,-14.2853142268
LWK,3.46944056095,-14.8912494382
STU,7.95049392999,-27.4380808586
GBR,2.92728415672,-22.8757178335
PJL,1.7940338537,-17.1088561409
IBS,-6.51657187934,-2.66130206923
PJL,-0.441098767057,-24.9477126139
ITU,0.904621090933,-14.5784511506
ESN,1.47336635558,-17.0487229275
PEL,-20.4596464671,-20.5315940093
STU,-8.0787395059,-30.3513576589
MSL,-0.162293358195,-20.4275286183
STU,6.20076775797,-19.8083491891
LWK,0.2886217424,-30.0619261245
JPT,3.09139453864,-9.39505843794
CLM,3.7314851672,-31.7772956196
ESN,6.2958686914,-13.8680242301
IBS,-5.50783703881,-21.2006811353
BEB,-0.140463403818,-13.865953442
PUR,-18.3614384819,-19.3104380441
PJL,1.17828961155,-25.7919510724
CDX,-3.87994595717,-7.31677339514
GWD,0.27214227102,-14.8249858269
BEB,-7.65957287579,-7.75164271635
GBR,-20.7376393222,-18.2659701723
IBS,-0.519729855014,-32.4815170799
LWK,3.28493212903,-19.4458788513
KHV,-11.957166604,-21.8632844406
PUR,-2.18940700343,-17.1004370009
JPT,7.39070632247,-20.8909986947
PJL,-0.477329096259,-17.386162313
CHS,-11.3939645161,-15.7652333616
CDX,-17.7840646228,-24.8737965877
IBS,0.743931079516,-18.496135363
PUR,-13.0112444259,-22.9358304688
ASW,-17.9102566077,-18.1285077516
STU,-9.23337442669,-18.8598003111
CHS,0.564738966367,-16.8804684896
FIN,-3.01905431719,-19.2354335118
BEB,1.44107517143,-20.221590457
PUR,-8.18849718497,-17.5751119385
ESN,-2.67609956972,-14.2154004793
CHB,3.53703930052,-22.7353390289
MXL,-18.7671494092,-24.8230675511
CDX,-1.73006907199,-19.7491948029
ITU,4.7164824471,-17.5065472007
GIH,-5.46788860503,-9.95584153947
PEL,-0.976352914761,-15.7993588277
GIH,1.91780097363,-16.3962232176
FIN,-10.4687425396,-25.8102309265
PJL,-0.0720960472602,-8.46407731302
FIN,-13.339441955,-20.1760985468
PUR,5.26848913201,-31.1748428146
CDX,-3.24884876185,-17.4309216711
ITU,-18.5616125281,-16.5293122205
TSI,-1.24458934947,-14.713652644
CEU,0.807885978228,-6.55430539317
LWK,-11.8582023673,-20.6916982704
GBR,-14.5613464086,-13.8681300131
BEB,-10.3269113976,-12.5803825001
TSI,0.790651905408,-7.59536881231
PJL,4.07270190439,-25.1326132139
YRI,-2.21724906246,-19.2761266006
CLM,-16.6756655815,-24.0516121442
KHV,-0.800202001569,-14.6038251333
MSL,4.33357351063,-29.6233602089
GIH,8.568371569,-25.6238942795
ACB,3.05586889013,-25.5527181991
ACB,1.99300516143,-13.6150154123
CHS,4.75674373094,-15.6524816609
ITU,0.765122396963,-26.6001394351
YRI,-5.61498341841,-16.5222565919
PEL,0.433890287554,-24.3613291941
CLM,-4.65599320616,-16.8281286391
IBS,1.54986902152,-9.48093890175
KHV,4.24240120431,-29.7133659004
CHB,3.13007635114,-15.7522749673
CEU,-0.946473741548,-10.8462813666
CDX,-0.0231769906247,-18.8670314425
KHV,2.55268033243,-22.0759900162
CDX,-1.34815151964,-16.6458853447
GWD,-19.7824892877,-20.1679652332
CEU,3.59075225895,-22.3186794425
ESN,0.529293156075,-17.5899638894
CHB,2.34959684134,-21.747278607
STU,5.12795730082,-30.3094564964
BEB,-4.76919107302,-17.7713232774
ESN,4.29544019635,-13.6364505061
IBS,5.88398748737,-24.0817400692
ASW,-9.21327280135,-21.5942534143
PJL,-16.6516197044,-16.8261409273
LWK,-1.95229344579,-18.0441724016
JPT,-6.52502158217,-24.9625364889
CLM,-11.3053549348,-14.6051461011
KHV,3.82643605756,-28.315180716
PJL,1.3015615787,-20.5086260097
GWD,2.40394620596,-10.3736401742
GWD,-11.0550011204,-27.3284923136
CHB,-7.52011834051,-15.5132283645
PJL,1.63007741401,-27.6701419621
CLM,-2.1389256142,-21.2150898695
GWD,-9.57530620792,-6.37366204682
STU,9.49990568595,-27.01488105
ESN,-6.28328088935,-24.4463804537
FIN,-5.23601475234,-7.51106581719
PUR,0.190242818193,-17.5608841226
IBS,3.56040388385,-30.9465736441
ASW,-12.9226054876,-26.1914234304
PUR,2.45679022789,-14.194237157
JPT,-0.516197376338,-21.4630907387
GIH,-3.29384619913,-18.2751180143
PJL,-4.94340356432,-21.3623401819
GIH,-12.5037429851,-26.613564869
IBS,8.42228514399,-27.9882436918
GWD,-6.05323552462,-18.5952150483
STU,-21.8039680052,-20.3040401727
PJL,-11.5251952185,-15.1677509384
YRI,-4.45157627324,-6.64507232281
LWK,1.4250805498,-9.57838308199
GBR,0.0625301656356,-14.4720684508
JPT,-1.5782800774,-5.90099586441
ESN,-6.47366705364,-25.4111386662
STU,-13.2411510599,-11.3328408261
GWD,-3.85414973036,-18.5730848762
PEL,-0.489368943431,-9.03924189357
TSI,-14.6730667821,-18.120896277
KHV,2.75152560412,-15.8008131033
ACB,-13.7953633776,-20.7745949879
STU,-2.05564009393,-12.1857322456
LWK,-1.73609242763,-18.1405151177
BEB,1.55275260257,-12.7116850908
ITU,-6.41716552363,-24.7598375872
CDX,-18.7902290061,-24.7569822379
CDX,-9.6376516368,-17.3445169045
KHV,0.865212852436,-14.9064237316
ACB,-13.0927065372,-29.6072824167
ESN,2.51540842612,-17.9003055457
ESN,7.91466850836,-20.7397098497
PUR,3.01980418715,-15.3889692848
MSL,6.38235054531,-23.4412115858
CEU,0.280050776507,-9.48877119455
ESN,-5.85353938171,-17.3163363622
CDX,-15.7737405198,-18.0312981151
YRI,0.0606132160534,-17.4113217893
LWK,-5.5264370453,-16.178897359
IBS,5.21479059501,-20.2406477322
CLM,-3.58965779758,-22.1577635976
ACB,-8.16912527146,-15.8106706453
JPT,-6.3319891756,-22.0225539556
FIN,5.9828346595,-21.7697580993
CLM,-0.152609876023,-18.5487849958
ACB,0.430654009426,-14.9261608685
ESN,-23.0318737214,-19.0631641388
PUR,-1.56078799502,-22.1040890478
GWD,-12.1281785855,-10.314696722
CLM,-9.25384936512,-25.6594013456
IBS,-10.6555635351,-23.1822185582
PJL,4.02284326562,-12.9578120851
GIH,5.34357877643,-31.6666305084
GIH,-15.0646192405,-19.4211908652
STU,-2.04279567886,-14.209582173
GIH,4.29692252314,-17.3502838846
TSI,-14.1089161002,-22.7420751697
GWD,-13.0841911332,-19.823803815
GBR,-4.40599921801,-14.1715813284
FIN,-10.1372241158,-6.62302308392
PUR,-0.740285471512,-19.6982644022
GIH,-0.171073250554,-9.81135775428
ASW,-1.08601715696,-14.7878179825
GWD,-13.8278370732,-15.8494975022
MSL,6.50536159476,-22.0008140361
JPT,7.13403938701,-21.8644202268
GBR,-6.14991962836,-15.1124610991
JPT,-6.57969612363,-13.6533121973
KHV,5.09900220777,-28.7979581154
GIH,-5.20828747249,-0.84585986227
STU,-0.78742774686,-18.1084338176
KHV,-0.517525170966,-20.8419952089
ESN,2.98533792814,-29.9196432831
IBS,-10.7832290363,-19.2120933074
PUR,-19.6337066516,-17.5488417399
FIN,6.12189963653,-22.8593542307
YRI,3.91525594211,-10.9528352371
ACB,-17.3658371183,-27.2006394069
MSL,-14.3366671874,-20.1177673175
ACB,-3.63137495677,-8.10666644666
YRI,-19.5566227184,-26.0294611722
STU,-0.415198902594,-8.25504227179
CEU,2.48088602455,-20.3181680936
IBS,2.88615287333,-12.7284992811
BEB,-9.15241181982,-21.5444954415
TSI,-1.36680139116,-16.7884047502
MSL,8.90184397999,-24.6901409996
YRI,3.46131434864,-24.1565851713
PUR,5.64570580694,-20.8247634662
IBS,-2.80673791483,-16.3440023368
CHS,-2.58465597648,-12.0000961199
BEB,2.59586507461,-23.3010449292
CEU,-1.60939658644,-11.1009026981
CHB,-14.7600291093,-23.0978803544
CHS,9.425016411,-26.4901244983
GIH,-15.1430386273,-17.9201155913
PEL,0.0734083679796,-12.8671716573
ESN,2.6114415332,-17.9852920855
KHV,1.36645474319,-19.9820035746
MXL,2.67217979734,-18.6254865547
CDX,-0.719657873668,-12.5721851731
ACB,-13.4859271778,-28.1093714191
ITU,-3.8702725174,-11.8459552493
CHS,0.401565161809,-13.9886974174
ESN,-0.749117630618,-18.0533200933
GBR,-4.1175738785,-7.93458340785
JPT,6.22553470117,-25.2379661399
MSL,-0.277532797171,-22.1444773126
LWK,-8.95774028156,-28.3243226165
ITU,-12.5671017268,-18.1428173712
PJL,-5.88805613459,-10.9955895135
ASW,3.24594050955,-11.7139218938
PUR,-5.70059223816,-17.9275164512
JPT,8.50778897745,-26.9495608943
GWD,7.6818153035,-28.1415604037
FIN,-9.72959639146,-27.9362108418
IBS,0.165616966539,-12.2468590595
PUR,4.00203936134,-22.0822763808
FIN,2.52074427198,-17.7936853679
KHV,2.7246049863,-24.9079838105
PEL,4.79524883796,-12.739104314
GBR,6.47844814824,-20.221047987
CEU,-10.9422992798,-20.9630627375
KHV,-5.35402172699,-13.5499228173
ESN,0.374168210445,-5.51607955371
YRI,-3.19236302945,-22.1710771689
JPT,3.53836103263,-16.4643491294
TSI,-17.8233364925,-18.5692684482
LWK,-13.5693480801,-21.9582046213
YRI,-17.6824095883,-21.6754475383
TSI,1.22395958606,-16.5148537947
ASW,0.206331144525,-29.0663300299
CLM,5.78958739031,-23.7089544097
GIH,3.10279026381,-31.3367352316
MXL,-9.26325005967,-27.2500684829
BEB,7.30709672574,-22.2123728206
FIN,0.212874125139,-21.3708635366
CHS,-2.99773399134,-12.4429040644
GBR,3.86158378673,-20.177921965
GBR,-15.4123398737,-24.0837763613
PJL,-6.0200922006,-10.0584650854
BEB,-1.56075769,-9.72627923294
CEU,6.74826439679,-20.0851353586
GIH,-21.4248640199,-21.6402852435
LWK,-13.5544470562,-23.3081467262
KHV,-15.7561203688,-19.826785672
LWK,0.436997001342,-19.1986924922
GIH,0.218634189668,-13.737394663
BEB,4.96108510476,-24.4769966579
KHV,-7.60790181818,-21.6794284096
IBS,-14.6074572693,-25.2852019648
GIH,-20.9815620708,-18.4547908273
ESN,1.24464864058,-16.1531186648
CLM,-12.2418392957,-18.5291027811
CLM,-15.9444491492,-15.5405186189
ITU,4.38542765414,-23.4612371552
FIN,-5.91988310413,-13.8048173437
KHV,-7.58210212461,-18.877700843
MXL,-1.39355662045,-18.241672829
PUR,6.78685061214,-25.2666367749
ACB,2.08771011236,-18.0779397094
GBR,-1.64482916049,-3.34422604723
IBS,1.86136409613,-16.7346871744
CLM,2.94156279014,-16.5253081412
CHB,-11.9459955118,-29.3095812245
CHB,1.76317463269,-18.1362286655
GWD,2.4207035465,-19.2885911734
TSI,6.83206979779,-23.5604787078
CHB,4.49667799859,-27.6597467894
IBS,-6.97973462363,-29.0282117367
CDX,1.66464322942,-26.90490405
TSI,-4.40354803102,-7.04639974805
TSI,0.640603232183,-18.5741247835
MSL,-9.97148681437,-21.8073147783
CLM,3.72220104182,-15.6477703576
PUR,7.03194886253,-20.3621503737
YRI,-13.5822699719,-25.4987904377
GBR,-1.56426298723,-12.5206148576
MSL,1.40103296819,-19.6836655005
YRI,-17.2252674976,-16.5712530373
ESN,-17.3535604068,-23.6958487418
GIH,-2.05126761418,-14.4950414421
KHV,-0.471572992032,-27.3729521264
PJL,1.23668431524,-22.1015321574
STU,-7.29238054232,-23.5087046829
GWD,-10.863630208,-21.6613840488
BEB,8.06521222551,-25.3352490404
KHV,-10.6223493819,-25.3365614851
GIH,2.6667924358,-22.1353663888
ITU,3.73958109863,-14.499727873
ASW,-4.49520504405,-9.65965809536
BEB,-1.80102523817,-25.3765537717
CEU,4.50670363029,-29.7611689702
PUR,0.412756751195,-25.5704637661
ESN,0.406879689581,-16.6147903285
ESN,-0.638048069791,-16.6973629691
ESN,6.73978517892,-24.298507838
CHS,-4.33574732422,-21.577772389
IBS,-13.5285313582,-17.9477400864
BEB,1.28284481441,-18.3629864878
PJL,2.25562418035,-18.5964348318
ESN,-3.25484540386,-7.13894961275
MSL,-12.6311311357,-12.4426020311
CEU,-4.67170391978,-14.9689551636
YRI,1.499739526,-14.2247080605
LWK,-2.08025343594,-20.4224169425
CDX,-1.92522913271,-25.2212297726
PJL,-11.6563660208,-22.9649290313
ACB,4.43018378364,-20.9149990739
GIH,2.51583878097,-14.7154415141
FIN,6.40900911444,-23.6319653458
PEL,-2.66423102434,-22.0834407534
CLM,-15.4446226317,-26.7167517292
CDX,-0.032732965642,-23.4655419873
CEU,-1.91100605501,-31.5892601704
ACB,7.63340208355,-20.155715776
TSI,1.17567542937,-13.9898654434
BEB,-20.2456742042,-20.6824819432
BEB,5.81714835554,-17.6554802034
CDX,-0.23072946269,-15.4918243694
IBS,-11.65764204,-27.0720732422
JPT,-13.9096858246,-23.3972181339
MXL,-8.30881046077,-25.5259746231
PJL,-4.53751506859,-9.8211281233
GWD,-10.9549424454,-19.9271363109
STU,3.8047070514,-30.1405642636
MXL,-1.57891039691,-26.6851920456
MSL,-2.30534111517,-18.2923589028
FIN,-13.9970166187,-23.8887558236
PUR,-12.5432557822,-23.5998659383
GWD,-17.8213948035,-21.6232345236
YRI,0.671990590453,-7.19458795306
CLM,5.6554768974,-20.8745587106
JPT,1.33049191075,-11.4500881385
CHS,-10.4215791617,-15.5177084776
YRI,3.30159522599,-20.5270459944
LWK,3.06175469092,-16.2697163899
KHV,-6.98719837259,-20.4017940857
ITU,3.69470669711,-32.9716079554
CDX,-13.1809887637,-18.5472618672
MXL,-19.73670561,-21.5773863975
GIH,4.66191748735,-19.8791948476
CHB,-4.43688324155,-18.7495173194
KHV,1.99113801249,-9.54831651014
STU,1.08739254649,-16.9805917497
MXL,3.08501850574,-25.7716781501
BEB,-1.93425928749,-13.0793873661
CHB,-2.58734750601,-5.30967766922
LWK,1.73257530264,-20.9199208759
ESN,-13.8460924677,-17.7732912031
MXL,0.708559458429,-16.0932772146
CEU,-5.9946226246,-19.6247787917
MXL,-1.66392261778,-21.445108165
ASW,7.80380466829,-25.4433326987
GBR,-7.32748548678,-10.4608303866
CEU,1.19210561096,-14.0678115352
FIN,2.59085438613,-17.9860894491
CDX,2.13736067003,-17.2742993369
ESN,0.98761151285,-27.0599370061
PJL,-16.8672881919,-21.1997916958
GBR,3.54009317961,-13.8031870717
IBS,6.49649094057,-27.9372879287
FIN,6.76862590653,-22.1911644773
ASW,-15.0195264625,-26.6356994424
BEB,-4.80619945199,-21.5001981508
STU,-5.96858460126,-18.1071102436
CLM,-12.723250321,-28.3817907277
IBS,2.70714621638,-24.2109772873
LWK,-8.47352567601,-24.1942334188
PUR,8.50542953345,-26.2222903211
BEB,-11.0142100435,-27.7758079554
ESN,-1.22649653359,-20.319673827
LWK,-0.513425042875,-13.6429373
PUR,3.06595125849,-18.8062452256
TSI,-3.75696193552,-9.55539010972
ACB,-4.72664934231,-22.9510209746
CEU,2.16679470381,-21.9604228639
JPT,-4.76770584477,-14.8350736591
BEB,-15.0215923033,-23.9632851116
ESN,-10.2199602466,-20.9064295296
ESN,-1.38318325638,-12.8588293763
YRI,8.58170774112,-21.7057910238
CLM,7.28024130898,-22.6769921118
IBS,0.322308079956,-11.3653251339
CLM,2.80981013048,-19.9628126958
ITU,3.20960239997,-18.2280912716
ITU,2.6577331174,-15.0250721621
MXL,-9.63887938106,-14.362477862
MSL,-0.896067300758,-17.4386573833
KHV,3.88051457199,-21.2735979719
GWD,-11.3663490889,-19.7402879504
ESN,-4.19974330137,-28.5309207571
PJL,-1.36934399169,-9.78808691438
CLM,1.56254373588,-32.3091935143
STU,0.00294555561501,-23.0331813394
TSI,-0.969642862998,-24.9361540596
ITU,5.91826793766,-28.8779091073
TSI,-6.09384287684,-17.772078237
PUR,-2.3254635167,-19.3864848091
CHB,2.32210102548,-15.3900370522
YRI,3.90566051696,-12.4088696234
STU,1.47273669007,-15.8223591497
ITU,-12.976405258,-24.0129566703
ITU,-11.6047707934,-18.2899792139
CDX,-3.12573394396,-18.6418541424
GWD,-12.1529516498,-21.8377520467
PUR,-1.22528022196,-18.2303491576
GIH,0.406656593395,-27.6661756202
BEB,-16.1639474352,-24.9191091595
CHB,0.623125943104,-22.8477817952
ESN,3.2453893804,-21.3142512551
ITU,3.28343383031,-18.3100651648
GIH,-3.02865159573,-12.6716805306
FIN,6.45264379003,-22.5481178285
ESN,-11.5564340725,-21.3095120111
KHV,5.72643208683,-14.8782983192
KHV,-19.0819400626,-20.1749061805
MSL,-17.6835760995,-23.8884275394
MXL,2.70231096194,-20.7786436591
ASW,2.40093777252,-13.9696634384
CDX,-13.5281382266,-19.2963557662
LWK,-0.103555712415,-20.2538546518
GIH,-12.046723467,-18.4617926126
MXL,-6.24760231129,-17.7554305633
FIN,3.12118386634,-14.5910310869
IBS,-1.71427337112,-25.478457383
MSL,-0.927345745688,-19.6115831704
FIN,-10.7510879006,-21.3219150864
BEB,-3.03502834329,-14.087571473
ACB,6.42365705827,-19.6600741083
YRI,-15.9135638576,-17.5252001981
GBR,3.23603297279,-15.5391093586
CHS,-0.0501557028292,-20.1079670212
TSI,-9.42413045887,-20.467206596
MXL,2.95823652547,-20.4511557215
CLM,2.17607247441,-16.7026367272
TSI,3.96814578236,-23.4893487387
PEL,3.32940186765,-15.2990312799
ACB,-17.6087377202,-26.1821755718
CEU,-15.8253631289,-21.4584806906
KHV,0.695514517559,-14.7860828175
ASW,-6.45112788981,-6.96311798998
CDX,-17.2326583221,-17.9870323129
PEL,-12.5097087389,-15.2030679795
CDX,2.0290202021,-22.0191912494
CDX,1.44790056361,-10.2965417261
PJL,9.48401477483,-27.2037905956
KHV,-19.5312344464,-16.407941569
YRI,-9.96509020919,-25.490270525
CEU,1.76114540996,-11.0442059228
CLM,-0.682029130066,-16.8764504077
PUR,-19.9575641512,-15.4125555648
CEU,6.96044647794,-20.5404970774
ACB,-3.05410654291,-23.4594606555
YRI,5.85231221463,-14.7161184026
ASW,2.93927250143,-20.9540008141
MSL,-4.66761601234,-6.9638365177
FIN,3.60380564536,-16.2021415379
CHS,4.5641409583,-22.1964806236
GWD,-17.3722375773,-16.7352663295
CDX,-17.5745206087,-20.679947289
CHS,2.72323314754,-10.6334893612
TSI,-7.12665977139,-3.99556004757
FIN,1.66073748749,-18.3931913098
CHB,2.11780691654,-3.26441852495
ACB,-10.6434994927,-18.8502996807
PJL,-15.1070003839,-20.3990413841
ESN,-0.925081766526,-29.0963469316
GWD,-13.2355463409,-27.5916304873
PUR,-17.8038902944,-20.1663143913
CHS,-11.3807882494,-4.54685982089
LWK,-22.6964854898,-20.8384636027
CHS,-0.689541234451,-28.4109905432
YRI,-0.397764283317,-7.04945078353
LWK,-10.4317587891,-21.5593032869
MXL,2.2225752309,-29.0847953237
TSI,0.263994396691,-34.2976209005
GIH,2.41329303177,-3.58640146515
YRI,1.48500547829,-21.1682004464
GIH,-15.2832115084,-16.9449600167
CLM,-5.19561233101,-12.8595851697
ACB,3.55221418947,-17.5454174204
GIH,-12.798419453,-18.5663537223
GIH,-6.18459330354,-25.1790809708
YRI,-9.86889686702,-21.0734649956
CDX,-17.9913427438,-26.8796644898
CLM,2.65567937327,-25.254881681
CHB,-0.447920637687,-21.3136021811
JPT,0.543292429742,-9.24497530937
LWK,-0.177154499777,-11.3552914205
ESN,4.98867528895,-14.9676645056
TSI,0.98370748676,-12.7190408443
CLM,0.601642240643,-17.7135073997
GWD,5.30894373078,-21.7225193699
MSL,0.601081945077,-20.6305106485
MXL,3.49797835259,-17.8652442164
CEU,-5.73385798881,-11.4053764142
CDX,-6.02635973846,-21.5002424219
YRI,-8.13113507822,-13.4501340769
PUR,-0.739043399593,-13.8550452266
PUR,-0.224535403631,-22.5400092457
ITU,-13.6040857401,-29.6023354712
MSL,7.14089816265,-27.3746895559
GBR,-0.933011422424,-16.2748213408
TSI,-1.72060662397,-19.9619091063
CEU,-14.3732739127,-24.3601464747
IBS,-7.07110399724,-24.8245890612
PEL,-2.73116235404,-11.2870217047
GBR,-15.0680451571,-21.7299938014
CHB,5.43114546179,-14.2999915983
YRI,3.0154564017,-29.5961381792
PUR,-18.9786409145,-25.3335986649
PUR,-5.21102571496,-13.8677986356
CLM,-16.5734807233,-18.8280204987
FIN,0.185065838296,-20.7446557611
IBS,0.381931810748,-23.2915486342
ASW,-16.0539003619,-22.6858499998
MSL,-9.03492567248,-26.2049393059
KHV,-2.15923657713,-13.0481074437
ACB,0.776083580848,-24.058796715
LWK,-17.8406572694,-26.733052597
BEB,-15.0557491008,-19.1895985968
MSL,0.250742377646,-13.6668754572
KHV,0.222481780368,-14.7252368765
PEL,3.32136497848,-23.4249761784
YRI,-11.3630287365,-22.4374130092
CHS,-1.13462432849,-22.1516212451
CHB,2.00488378246,-17.0004085309
PEL,6.85259817895,-24.3609275308
JPT,4.1455679595,-17.5617078022
YRI,-3.99632164413,-16.1395978239
TSI,0.865845007137,-8.63253218682
IBS,-17.0995436072,-27.3118861278
ESN,2.13738025953,-26.046169044
ESN,-15.6011395915,-18.3206090803
GWD,-5.2473069325,-10.5152392765
GWD,2.53410252332,-24.2683768908
KHV,0.214417104967,-25.3336972303
TSI,8.48724992046,-23.1398013322
MXL,-3.92978639393,-15.0810985021
GBR,-18.4078119338,-23.6598730778
PEL,0.839595612652,-15.4151966471
BEB,-6.17833884925,-24.50960875
CHS,5.06862474386,-27.8821175388
KHV,-9.9502420808,-15.9910167034
PJL,5.92588855282,-29.9577696998
GBR,0.373442602747,-20.7130051227
GIH,2.44713650958,-31.4738113272
YRI,-10.8638071293,-20.9531288046
ACB,3.40974412638,-20.2335259729
BEB,-0.73007214807,-19.0789516612
ACB,7.22907528069,-26.8294463263
CLM,1.67350880385,-30.2913552033
CHB,-5.09949719873,-13.8174063089
IBS,-4.88077573605,-21.4205677123
TSI,-15.7563899391,-21.3094343398
ESN,1.25315417922,-30.3804407274
MSL,-2.69887643382,-29.7146123143
ITU,1.7946627481,-11.6291573404
ESN,8.75388330688,-26.6836455719
PUR,-11.7623191374,-22.6952382072
KHV,4.637245655,-24.8370097387
ASW,3.97209021235,-29.3889668
CEU,-7.03164203743,-4.15292983891
MSL,-4.81790508002,-18.3093441798
JPT,-13.5570408515,-12.447342732
CHB,-2.13344372282,-19.6627237724
ESN,0.928734032047,-12.5171336251
ESN,3.54449237425,-30.0927614519
PJL,-1.57873537893,-29.7843410608
JPT,-9.44666977043,-14.2633979014
ESN,2.04777101459,-14.3034580024
ACB,-12.1202686065,-12.8901318379
STU,-10.3301441782,-22.3645121467
PEL,-14.917749912,-20.0066934297
CHS,-9.35807700783,-17.8642101944
ASW,-5.01107661689,-10.8853923385
STU,-4.18526452919,-24.5028237566
PJL,-18.0789572732,-13.3531567269
GBR,-19.2513635353,-17.2794085521
CDX,-1.43604470904,-26.3682672271
GBR,8.76964985489,-26.4230595461
STU,2.5417369556,-16.9685406421
LWK,-18.2384990181,-20.1561059171
STU,-9.03378733126,-20.3871815305
ESN,0.645313234521,-23.4685068841
ITU,-1.30093928691,-11.7909821707
JPT,-2.68366180407,-19.7711203224
CHS,5.06198940827,-18.5391747392
JPT,-1.84567337252,-15.2224722292
IBS,4.01954710652,-23.6599705148
ESN,-11.896338648,-19.1184729033
IBS,-3.20327359405,-17.7757491931
GWD,-8.32718814428,-25.863472086
CHB,-0.956253260575,-0.358375760913
ASW,4.79568476684,-13.1420144757
KHV,5.26889240251,-31.1046501281
GIH,-12.3022543793,-15.1514966709
KHV,0.0794639597141,-23.8734562993
ACB,6.43007063801,-30.2676714208
IBS,-7.3773995571,-19.1675764556
TSI,-1.85530512522,-19.6520350085
GBR,-13.8361266191,-19.7343111541
CDX,-3.36710535515,-17.8368022209
BEB,2.20213390309,-17.7948026856
IBS,0.602296807908,-17.8562667839
YRI,-7.52297125209,-25.4777565423
STU,5.70566101738,-23.3807974865
GBR,2.56237555995,-20.3269797645
FIN,-3.30600179929,-14.2687865288
GBR,-0.28994076934,-18.0439603792
ESN,3.08173466742,-13.0202433995
CDX,1.9116067804,-16.8536793044
KHV,3.41630583446,-23.5874635628
PEL,-11.9594809394,-27.5135911574
PEL,2.10691682068,-20.6973577052
ACB,0.00243465657212,-9.1426564717
GIH,-1.78356138994,-14.9001837075
STU,-17.1108440248,-23.9682241192
STU,1.47405190294,-21.2885778628
JPT,-3.08845459074,-12.3054565683
ACB,6.43362627137,-25.7187493424
CEU,-2.03239915394,-22.1771295241
MSL,-10.6855562249,-13.8676550967
GWD,-2.85056520085,-18.1362195527
LWK,-18.3602345828,-22.9047063114
ACB,0.900920378327,-26.9344850949
PUR,5.66946093899,-20.26940596
LWK,-10.9018592302,-18.9459069212
YRI,4.81349367495,-27.3494814075
ESN,4.85379286521,-23.325400585
STU,-0.62098049194,-18.7961184869
CDX,3.75175265579,-17.860533167
CLM,-10.7707797427,-20.6674230504
ACB,-4.70389575634,-17.8059645076
ESN,-6.52429696895,-18.2129290561
CDX,-13.2863521669,-20.3426929297
PEL,4.77566363014,-19.8885489529
STU,-12.7067494135,-13.8948819063
ITU,-12.4245157668,-23.1978897065
GIH,-12.6676240671,-28.4999019147
PUR,-12.3531910421,-22.131312981
LWK,-20.7837640488,-22.4737494723
TSI,-10.6858159577,-20.385120535
ACB,-11.7825008079,-19.5448859795
MXL,1.92496135032,-14.5395227637
CLM,-0.766815243568,-12.4080784798
CHS,-2.07447080466,-11.4397185247
LWK,-2.3603050072,-22.6526765527
CDX,2.21044142306,-12.4811581508
CHB,3.99030458948,-18.4719176436
GWD,1.39721696847,-28.6499632317
JPT,9.01999469737,-27.593794598
ESN,1.05393108939,-15.6807891853
ASW,-5.18925077209,-10.955004037
ITU,3.33231196846,-24.4341859451
IBS,-11.5820673571,-22.3274747152
MSL,4.92607900766,-17.6120978884
BEB,2.79293409996,-15.5496936314
PJL,2.45247652382,-24.5892558454
IBS,5.88717078582,-22.3243431257
BEB,0.2151381435,-19.3714663843
GBR,-3.54435651429,-18.1851416772
GBR,-17.9835051948,-25.6894098178
JPT,3.9599549184,-14.5878307652
LWK,0.468046918044,-9.13141689946
IBS,9.11258015911,-26.5347853467
BEB,-2.77866635982,-14.3040681211
ACB,2.32578232206,-15.5112227279
ESN,-2.34918264052,-19.2145725719
CHB,0.543135359587,-29.7584423856
BEB,-0.0352158053776,-14.7695695848
CHB,-4.17153146188,-4.64099807779
CLM,2.6800129077,-15.1346465104
ESN,-15.3734519258,-26.7092433344
GBR,-12.3392584767,-20.8687744447
MSL,-17.4893578744,-21.2857775421
CHB,0.218395013257,-15.7802204677
CHB,-6.85561235194,-13.79446251
ESN,2.41738452965,-23.6149566539
CHB,2.59831131212,-21.9857697062
STU,-6.89809896879,-13.249991431
LWK,-1.77985378482,-20.2990135151
PJL,7.38460531637,-20.4022445647
YRI,-10.3179008571,-23.0016751058
CHS,-5.89659335148,-9.39069712818
JPT,-1.34968174254,-13.9487948347
GIH,-11.983446533,-16.7795670081
IBS,-1.98580341001,-9.38788020704
GBR,-1.44969322049,-19.5794240784
CDX,-5.24706001866,-19.1138788932
CDX,3.28285832334,-21.2724637571
JPT,-8.74571328847,-18.7051301943
GWD,4.38545410446,-14.2121104891
CEU,-3.14846836501,-6.38500232713
TSI,-13.1706159901,-22.8244397627
IBS,-9.63768789088,-22.9161133233
STU,-5.13592637701,-21.7212681512
MSL,-15.4611578185,-20.5731034657
FIN,-11.6951337816,-22.999003952
IBS,0.253342895362,-16.4271663754
MXL,-7.7560932555,-15.0056176118
GBR,-5.53657091182,-16.505862676
STU,0.692135166228,0.483678657714
CEU,4.9398034229,-30.2411743433
CEU,-1.228476644,-22.7196202978
FIN,-21.2744763035,-20.6033692066
CDX,-18.2926433624,-20.2798927733
CLM,-11.5724042106,-18.2705829372
PEL,5.65316604129,-28.7221904755
CHS,-2.63547867121,-9.76706370997
GWD,6.07147183286,-20.2193048313
PJL,-0.282933718889,-28.2647325146
CDX,-2.2003666476,-14.0076617932
KHV,-1.23866206723,-22.7119082943
GWD,2.48287775378,-20.6300221826
MXL,0.0469056816071,-13.5162961648
MSL,3.38620334164,-17.1117931921
TSI,-12.5045571459,-20.9457395564
MSL,4.24146980644,-28.0983101875
BEB,-13.4726026112,-18.7716523079
GBR,2.05369771336,-20.1408370105
ITU,-15.9607688702,-25.6833512693
GWD,5.0615008487,-25.8710426925
STU,2.76763120023,-28.2231503651
KHV,-0.949584571649,-12.5416028645
CLM,0.825342023884,-14.4070643863
JPT,-0.506295363094,-29.0779968597
YRI,-11.9471518428,-27.115081152
YRI,-0.0819248945078,-8.97202144204
FIN,-2.35178848986,-17.3026471383
GBR,-18.1893377689,-25.5303343721
CDX,1.16009449363,-12.9816024291
GBR,-15.7302301939,-22.2633228924
BEB,-6.60671413406,-16.7031061234
PEL,3.87216309886,-22.1331550577
ESN,-0.124034650285,-13.5475213825
MSL,-12.0545005073,-16.2870144417
CHB,-6.95599492921,-11.0493110547
BEB,-13.9627579744,-17.947049629
GIH,-10.368015553,-23.4883138037
CEU,-7.05179947154,-20.6685862568
PUR,-10.9587653464,-27.336141312
ITU,3.77153977986,-13.5323326936
IBS,-4.00474073017,-20.2787958505
LWK,5.3018369699,-23.3397855704
IBS,-15.4427627462,-18.464973584
GWD,1.70376131491,-29.0486591376
PEL,-7.71716346389,-23.4006028431
YRI,-1.08009658693,-24.1704094363
GIH,0.760368603115,-19.1461527893
ESN,-13.2923161787,-21.4308642502
JPT,-1.16561981857,-16.1323326066
GWD,-9.39146813112,-22.7687737606
LWK,0.976216298831,-7.39320546011
STU,1.44442721717,-12.6211304873
LWK,1.81596177832,-27.1603752565
CHS,-4.57865524199,-16.5712366123
CLM,1.31202955749,-20.841501632
JPT,0.300015448679,-13.8497140313
TSI,-6.52691018418,-12.7794406514
JPT,-12.2038719037,-21.8210155225
JPT,2.24852499963,-16.8557982278
BEB,4.41354970746,-17.6516320127
PEL,-0.23538361727,-35.9043226727
MXL,-12.1388377155,-23.4153592223
IBS,-11.8796262877,-18.8111445268
ACB,-2.63733857945,-8.04667362139
CHS,-1.50320290892,-20.473974988
JPT,-1.04974593667,-13.0666287333
LWK,1.49413275268,-15.0103571104
CEU,-11.2097473105,-28.1621055581
IBS,-2.64664737914,-18.9228058949
BEB,-0.383961639088,-26.9987336455
PUR,3.77762641744,-14.2180822563
MSL,-5.28098610858,-0.469431394573
BEB,-21.420077305,-23.2801092103
IBS,-19.2230862267,-22.4027536942
CLM,2.40990988183,-10.1809630002
MSL,3.77167911236,-19.8451844151
YRI,-4.73427195869,-25.3665775139
PUR,-14.0843089673,-30.3455947932
YRI,-0.764022660216,-10.7862968952
PEL,-8.26369521499,-14.0614077887
IBS,3.95559725921,-21.8867870971
PEL,-6.07720345475,-16.024672356
CEU,5.5526664349,-15.458943192
TSI,7.85535050725,-23.96045143
MSL,-13.429198501,-26.741265186
BEB,7.18847678232,-28.4748409126
ACB,-5.25354701862,-13.1855056158
GWD,2.64195765485,-30.3384979365
ESN,4.64846224341,-14.9811887335
IBS,-2.1060725673,-15.0406301304
PUR,-6.13524116067,-27.913690676
MSL,-1.24401246004,-20.9304445651
PJL,1.49734980022,-14.6898381469
ESN,1.42145183775,-17.1649581579
PJL,4.28841280431,-14.2273092121
STU,-4.30468462588,-18.8788731598
FIN,-3.0721863223,-15.8317745271
PJL,4.4998053577,-32.4824362091
JPT,-3.00978773592,-18.4183494275
CHB,-5.06157842438,-22.7823405296
STU,-4.99780890424,-20.5911644127
ASW,-1.85191446944,-22.6950187202
ITU,3.90989897488,-18.9824007644
CHS,7.36438262153,-25.994106502
PEL,-7.42797636359,-20.6006668099
CHB,2.27774754736,-20.6880286025
ITU,-14.5250477243,-24.7499360524
ITU,-6.94126524118,-10.275473616
JPT,-14.4810773822,-17.2551705131
PUR,0.895508128104,-24.4007307604
KHV,-0.115697721403,-17.8928058241
CHS,-19.0776469015,-24.7160546716
MSL,-12.5426813113,-15.7906825547
LWK,-13.7175306342,-12.4691420208
YRI,-7.33029944735,-19.2759773218
CHS,-15.6831033395,-10.4281585631
PUR,-16.2595876095,-17.3652175862
CEU,2.57426665942,-9.11310654991
MSL,4.81659162915,-18.6489549384
CLM,3.14997221103,-21.7892845157
ITU,-9.64719034001,-22.1643918324
STU,-5.00109354383,-8.91064608902
STU,8.02073718153,-26.2570235444
ASW,0.753872652021,-24.1883543899
JPT,7.23965744451,-18.0475921021
LWK,1.11211054813,-28.1332634883
CHS,0.705000391246,-14.6697696071
ESN,2.71566364028,-16.2790389251
BEB,-1.77773934017,-9.39440044316
CEU,-5.00910249642,-22.3402007189
YRI,-13.2792593377,-25.1212296311
ASW,1.45767315636,-15.4522041822
LWK,-18.2820916951,-25.0861789468
KHV,4.01816625723,-13.814385379
ACB,4.58085668166,-22.2258884869
KHV,-18.2800209318,-18.0022756437
CLM,7.40575032104,-26.9053871945
LWK,1.57235825145,-9.2398447484
STU,-10.7561052737,-19.7416667973
YRI,-5.01535756507,-24.2767105119
LWK,1.79035359162,-15.567545334
GIH,-4.01462637533,-15.6666938236
GIH,-3.14558825511,-23.3063826312
GIH,-8.26710279039,-21.3053539894
TSI,-7.04254993701,-19.4124673998
YRI,9.15705619628,-22.9091573084
STU,-7.76991812697,-25.4338446627
PUR,-15.2029881141,-17.5524392179
CHS,3.12304901697,-23.0627071317
CHB,3.34378340879,-6.07383675055
GWD,-15.8523211572,-25.079022254
GWD,-1.96693282552,-19.499881492
GBR,0.322980301327,-13.3801230259
CEU,-0.419080665048,-6.74039209407
GWD,-9.48162131227,-21.6398007383
ITU,-9.9089661533,-17.7142241338
YRI,-0.565093989418,-17.3338218405
ESN,-21.3072011365,-21.6267026356
YRI,-9.71713192579,-33.3075701064
ESN,-0.570783959294,-23.7206022386
ESN,1.87841151464,-27.1813486668
CHS,-0.516555631523,-16.4463333252
KHV,1.94231503311,-24.4511803657
CLM,0.90065867574,-13.3714245223
FIN,1.49331374482,-22.5704770769
CHB,-2.70062139151,-12.711910437
TSI,6.10124620056,-23.8994391067
BEB,6.4211239738,-21.9989667324
YRI,-5.27389535684,-29.4904514325
JPT,-16.7542817441,-18.6197978569
CDX,3.52974608793,-23.3151263056
JPT,-12.5601828019,-17.8655132827
TSI,-5.44771666749,-18.9038993612
JPT,-11.8014322432,-20.0780988114
MXL,-9.91853549635,-15.3440435565
TSI,5.16050380954,-16.4491941095
GBR,-3.48433639085,-11.0443574432
CLM,-3.39729468851,-16.0910226061
MSL,-1.00482599025,-9.25868203923
STU,4.4021693495,-28.9277203416
BEB,-1.69195926241,-13.6609024045
GWD,3.09617169287,-30.5203289408
FIN,1.36681468799,-17.2164055503
ITU,2.50726465203,-13.8581140845
ESN,-6.37349560915,-18.8725532554
STU,3.93547201732,-13.6920647207
IBS,-1.23289431528,-19.5834075256
FIN,6.18479819209,-20.4712629701
JPT,-0.448833847888,-8.50101957642
TSI,3.71291482326,-24.7850893213
GBR,3.96164983264,-30.7349109435
GIH,4.04451419379,-22.8411413689
CDX,-7.39189706267,-21.1076105843
CHS,-5.11079570501,-18.6393428701
YRI,-2.20532941588,-11.9427561153
CLM,6.11836370748,-27.1744701169
CHS,-0.402290471006,-25.6695703637
PEL,0.408377610325,-16.877481267
CHB,-1.77277267608,-24.8018827973
MSL,-0.586758125017,-14.9935845627
PEL,-10.1570166742,-20.4550788783
MSL,4.69100631648,-16.000302109
CDX,-10.1769426207,-19.8832358679
STU,-9.33889264054,-22.8010828121
CHS,3.4832115283,-24.394001958
ESN,1.95096830187,-21.9766883787
PUR,-14.7645589644,-15.1506453942
IBS,-13.7945863101,-14.3680156114
PEL,-6.17972799308,-8.93150503501
YRI,3.57058320437,-11.3720034268
BEB,4.4974356929,-18.2180765257
CEU,1.99339998933,-6.69096762237
PJL,-2.55542484466,-16.6921629203
CEU,1.5193318498,-14.1260649795
CHB,-6.29058715589,-19.5071049028
CHB,-16.95124692,-29.3010150777
LWK,3.62762643797,-15.2923993744
ASW,2.32170055386,-17.5638325076
YRI,-8.37294947373,-10.8503907222
PUR,-10.7021483305,-27.4205080959
PUR,4.37104381237,-11.3066015882
BEB,3.51581088668,-12.7736586022
IBS,-3.13691532768,-20.3359776043
BEB,3.18797942326,-18.6922254211
CEU,-1.73113559988,-15.5917394618
BEB,-2.11485909578,-31.2857237327
IBS,1.68309383624,-21.6238429409
CHB,4.77070422172,-20.1140041795
MXL,0.949570127837,-27.9265651748
ACB,7.4970729739,-25.9817487752
BEB,-0.633114970641,-7.7816741788
ACB,5.59763441137,-11.0827478564
MSL,1.46182524122,-17.7470008644
FIN,-9.154121958,-11.4235914111
CHB,-5.01300451103,-21.06558811
KHV,-3.66854405858,-21.1794166891
CHB,0.0949603555211,-17.203154676
ESN,0.667424333167,-17.354648902
JPT,3.24951754795,-14.3681098959
ESN,4.20819898107,-21.3080843411
PUR,-5.82167309246,-12.2341647921
TSI,8.12664105603,-27.612044979
ESN,-4.47736222204,-18.2757991673
MSL,-2.39696711889,-25.9655869783
FIN,-0.25264020472,-18.0947324572
GBR,-1.2206900376,-9.41101438871
IBS,1.72777535704,-15.9226025514
ITU,7.14463583131,-28.5535780267
CHB,-12.112442395,-24.5812288609
MXL,1.21474448599,-10.7055711437
PJL,-0.586350364909,-17.393694311
IBS,-0.948017233121,-16.0489483203
LWK,3.06168133153,-16.3059041382
LWK,1.17346876935,-28.6216305038
PJL,1.82516601697,-20.694359126
GWD,-6.87463257665,-13.3178256343
ASW,-4.22558892382,-23.5828558843
ITU,1.86339028371,-18.8087426109
ACB,0.467278401472,-14.5433447179
MSL,-2.60162995943,-7.24678188861
STU,0.552402993088,-15.1343186859
ITU,-2.12507634076,-16.104854106
CHB,-0.4931568797,-19.2873582847
YRI,-1.00699851005,-12.0410538447
IBS,3.34391622448,-22.6737764696
GWD,-1.19326324571,-15.5833240169
GIH,5.37454537732,-17.4303435547
CHS,-3.381845803,-13.9646171232
TSI,-4.68858420029,-17.5067659963
GWD,7.69807151414,-20.8744617056
ITU,-0.465406625058,-19.064887236
PUR,-16.188074103,-31.4379973086
ESN,-1.78341258321,-21.3954112304
PJL,-1.91065350742,-15.4839394957
CLM,-0.0445918952161,-17.5304986826
FIN,6.33257456267,-13.3611116344
GBR,-7.72713477617,-13.2380016439
CDX,5.30705833083,-25.4248271458
ESN,-0.0274168092378,-11.5228482925
STU,8.53978744916,-23.4074407859
CLM,-7.46170131295,-17.0576506366
CHB,2.0268530219,-24.9509767229
GWD,1.25862822909,-19.8263328127
JPT,-6.31657932502,-10.8786903982
KHV,-5.23455375981,-3.4332958524
CDX,2.80691964757,-10.4385451925
PEL,-11.6330054109,-19.4435777264
ASW,-7.67749405087,-29.6807283268
TSI,-12.9167276398,-23.068759912
IBS,-1.71777536136,-22.797992692
LWK,9.50082616986,-27.744379417
CDX,4.84509185914,-14.822304766
PJL,-10.9493683498,-21.8995105481
YRI,-10.0435960765,-22.8308009348
LWK,3.48733937024,-15.2441907081
GIH,4.81242112111,-17.1230030486
GIH,-4.29897287965,-14.4877668428
BEB,-3.3941328593,-7.96082647075
GWD,-0.356956354421,-26.7311948977
CEU,-1.48482258355,-12.0242449528
IBS,-20.7724088418,-18.0153245091
MSL,-16.4785998388,-19.315756794
KHV,3.68646915252,-6.86624894751
ESN,3.46076234994,-25.6774696196
YRI,1.71522059807,-22.3410653767
KHV,-10.181072229,-27.7694981347
GIH,-14.8573490862,-25.0136808802
MSL,-20.5980334238,-22.0533458857
GIH,-6.16839862321,-1.2173729772
YRI,-0.556389000949,-19.1448775578
ACB,2.8127262572,-30.7559542392
PUR,-13.3202300943,-18.1331219536
CHS,1.92671155004,-13.7080740787
BEB,7.64019917998,-25.7465025101
JPT,4.50285681784,-25.1714792751
CEU,-0.813684692486,-17.3948697811
CEU,-16.4439975321,-18.8899303363
CHB,-1.69291053313,-26.2776128716
TSI,-20.0255361519,-19.5788568115
GBR,-2.92111418159,-19.3863156807
LWK,-6.30220206221,-7.79033415089
ITU,4.57936157465,-25.4988975766
CHB,-1.71104019749,-16.6896708953
ITU,-0.510502082003,-15.4892288731
TSI,-0.866635879103,-13.1767336545
CHS,-22.2238468028,-20.3616859932
FIN,-5.47173471401,-18.0774118343
JPT,-0.353928843054,-26.1092612576
CEU,5.02983708883,-14.1290472241
FIN,-3.17368651345,-10.7912520723
STU,0.663409478591,-12.3703514205
ACB,2.43144730279,-23.0320074888
PJL,5.89184232411,-13.4599199915
STU,4.89430797874,-21.3120726396
GBR,0.155516024235,-21.1609829144
KHV,2.99267041622,-32.2250526553
FIN,7.68603344734,-26.068214269
ESN,4.52757802236,-12.2806062595
FIN,3.28949556179,-20.7817672197
BEB,3.07590823798,-15.6309847072
ITU,-9.82025194783,-19.2048855424
BEB,0.355788212202,-17.7762171458
GIH,6.84061646119,-26.1991199752
YRI,-2.20326909064,-19.8191311153
YRI,-9.50772842398,-17.3261927203
CLM,3.55621164918,-18.6191472607
ITU,-0.78467479693,-19.196892202
GBR,2.50406583757,-15.2388480367
ESN,-5.06058325637,-21.6533659571
CEU,-0.664244928467,-21.5726204893
CHS,2.39636026622,-15.6118114741
YRI,-2.60043021115,-25.1027513444
MSL,-16.8960921323,-18.8173929579
BEB,-14.3594774466,-18.6312409959
FIN,0.967366139754,-16.1820177201
TSI,1.62661847456,-13.8751757215
ITU,1.28942009353,-29.5865832372
PEL,2.53713522712,-15.5689283426
BEB,-17.2660676204,-22.9422463388
KHV,-5.18016490474,-14.387281866
ACB,6.07058493675,-26.967961235
TSI,2.71047524092,-18.7647880933
CHS,1.78556274478,-14.5601356577
ITU,5.25727407681,-23.2954612735
CHB,4.15833949048,-23.5615042225
CHS,0.667838950585,-13.562532343
MSL,-2.91615678174,-16.9729948021
CHB,-13.6742899896,-22.8899864369
PJL,5.22420525215,-31.743557449
MXL,7.89254029745,-26.9586566036
GWD,-2.35356604551,-23.8924228303
GBR,0.609463288739,-17.225282399
FIN,4.11548056378,-9.01121727631
CDX,-12.66754228,-19.4536500452
ITU,-0.237072752392,-25.2131394078
CEU,-17.5249873071,-17.5333591913
CHS,6.15902849765,-19.3308295332
CHS,-6.5583094178,-19.4606719022
TSI,-2.14727834061,-0.122063316337
PUR,-15.0659306423,-22.3721029471
CEU,-3.41510341414,-13.959840344
STU,-8.3814343057,-15.42328156
PEL,1.63880998985,-20.9223629046
YRI,-3.12850322149,-25.5009852039
YRI,-7.60651815622,-27.2035642774
PEL,5.18186748194,-18.7666707548
FIN,1.85185866722,-13.518966993
CLM,-2.57748837388,-17.9576038034
LWK,0.779835984844,-24.9474993128
GWD,-15.9851667659,-25.2107399714
ITU,-11.9473733971,-27.6502196109
BEB,-14.3605787155,-28.1252680048
LWK,-2.64622905515,-13.0826607553
CLM,-15.5637756982,-21.5186753965
PEL,-5.5239432595,-2.66764789027
CLM,1.05354595395,-19.1392215634
YRI,6.19034787519,-18.0193469389
IBS,4.32005155635,-30.574598101
GIH,-12.2645157868,-21.2762964057
YRI,5.09661305878,-27.6485120119
GIH,6.97534381674,-27.4237031144
PJL,1.71196246514,-21.2425174784
BEB,8.44584669527,-27.2037000611
ITU,3.6693980318,-24.0709794347
YRI,6.242615224,-21.8533709586
ITU,0.131730739101,-27.7142557838
JPT,-0.98076196072,-10.8851433065
CHB,-16.0909748712,-20.6574252864
CDX,-11.0932500872,-22.3738696568
YRI,-13.6119326819,-21.5533439343
JPT,5.18561275929,-15.7638824301
MXL,-10.0051450959,-18.0750623108
KHV,-6.73361522719,-22.5860988168
BEB,0.684446151224,-20.4995511974
CEU,-2.81726328288,-15.2786836291
ASW,-12.3788062372,-21.3647226116
CHS,6.9623657814,-28.3933922415
CHB,-1.42262283162,-27.7473518202
TSI,6.68788348493,-22.5929511365
PUR,-10.738710748,-21.2648763507
PEL,-14.0843681211,-24.3088707214
YRI,1.13246795441,-24.1591322096
CHB,1.89209760511,-19.2014489276
PEL,-0.821458367707,-8.59812398361
ITU,4.59541775881,-14.2243451451
CDX,2.86822860457,-21.5092473942
CDX,-8.14968830764,-19.9965527578
IBS,8.01728772056,-25.5811614065
ACB,-2.3835334148,-11.5387924164
MSL,7.94804435341,-21.3144625332
MSL,5.26172156678,-19.1762093394
ESN,-3.88089185943,-19.3504181771
PUR,-14.9523984905,-16.8247407981
GIH,1.7102636273,-18.5306542287
GWD,2.31327031937,-21.2573333217
GIH,-0.624035235075,-17.6985878227
CHS,0.370733804361,-9.715562225
PUR,-13.6923120981,-22.0840633693
KHV,-4.2100462729,-27.2271571438
PUR,-15.449534469,-21.7806252616
ITU,-1.68819107649,-33.570312202
JPT,4.35477646984,-26.0147494532
ASW,1.21344197583,-28.7354602072
PJL,2.27466163466,-13.4511871762
LWK,-0.281206954948,-9.27737095775
KHV,8.13508404318,-27.6388224291
LWK,-0.630049889294,-25.5092997539
PEL,0.322637012209,-18.5826780118
KHV,-7.71198166267,-16.1112077123
ITU,1.3615739715,-18.1294602522
ASW,2.26712682254,-17.2256918607
YRI,-0.460796105107,-14.1263135758
JPT,2.82851172162,-16.5214640395
CEU,-18.8967562641,-19.871334918
TSI,2.89784951372,-19.6312106692
IBS,0.969293983519,-20.0599296954
JPT,1.39468525743,-13.6539570495
PEL,3.37246037844,-21.7280540669
CDX,-2.83393703785,-19.3328796568
MXL,-1.90459057868,-7.54840653496
PJL,4.66142244281,-24.6753253285
LWK,-0.939883881412,-21.530622835
GBR,1.44627276942,-25.6613301717
GBR,-5.71583926339,-10.7639004304
MXL,-3.54264164091,-12.405993795
LWK,2.56340634657,-29.1683289867
TSI,-7.5761435782,-26.8785592587
PUR,-7.99972223377,-9.66825361973
ASW,-3.44502466336,-27.1520482288
CHB,0.897201558203,-17.418582162
JPT,-12.6303508923,-24.7245208316
CDX,7.8496206962,-19.576720815
MSL,-15.242124961,-19.0680299418
BEB,0.977800330574,-19.6368746285
STU,-11.8939959069,-23.335983752
GWD,-0.174208083889,-18.8022373822
IBS,7.89389851837,-20.1426313688
IBS,-3.14871340675,-14.9180110066
YRI,-8.69063126199,-22.1967388078
CHB,2.39045860968,-18.1122191366
JPT,5.64460444604,-22.4640502527
JPT,0.143119539683,-10.309845876
MXL,4.71516523403,-23.1506798394
PJL,-8.44972588229,-15.7520772151
GBR,-18.1405281747,-21.7539494586
CHS,1.57061750172,-11.6463126578
MXL,-2.99076622111,-11.3172102684
CLM,0.980373724509,-26.8425015133
MSL,-9.14741615638,-19.5573548847
CHS,2.76192584241,-25.6046530992
FIN,-5.04826075397,-7.50165774181
IBS,-5.93432473752,-14.9797860426
GWD,-11.1604464586,-19.972212
TSI,1.76623051124,-23.6280922821
CEU,0.486927325865,-8.73820476342
TSI,7.72483981383,-26.9397821956
CHS,5.67428191298,-17.8527308435
GWD,1.89339451548,-18.4946315606
PJL,-0.67273695028,-22.2954850427
TSI,-0.894454765042,-11.1600841479
MSL,-13.1311082486,-24.3093862131
TSI,-0.00835154455278,-12.6152330032
GWD,-9.06684479046,-20.9443427619
CHS,2.54519140087,-18.8215455129
KHV,-13.7874000414,-22.4250911816
YRI,-0.990617730327,-11.3820236622
ACB,-20.302969848,-17.5435989709
STU,5.18734094841,-27.1316927753
CDX,-14.9436127839,-21.0516790209
MSL,-13.8901651677,-20.770229217
BEB,1.82210419646,-18.7795335497
MXL,-17.2080693877,-18.8447947039
YRI,1.52408365409,-17.6526206003
ESN,-5.53864705463,-7.56793173237
ACB,8.95570477419,-26.0957683689
PUR,-1.49389299946,-17.6340256226
ASW,2.52941048658,-20.6915916458
CHS,-9.64795277869,-17.1861601648
STU,-0.0351106389594,-20.0128489427
IBS,5.05628987973,-12.4539218852
GIH,4.73045054433,-13.8447910682
YRI,1.5513369905,-10.7911820113
GIH,-17.0109295621,-21.0436971371
MXL,3.87172908903,-16.5947691551
BEB,1.16297376119,-17.2064383069
FIN,-8.99450399248,-14.2999704343
MSL,-4.07076584179,-10.9775686286
PUR,3.02787802554,-6.743271293
STU,6.22391436981,-25.4923034745
PEL,-0.777467105479,-22.385860768
GIH,-12.2521543359,-13.4391489499
FIN,-1.39056733976,-14.3259732537
GWD,4.08334293956,-8.53699277161
ACB,3.91071746615,-18.8603763768
GWD,-16.8910220255,-18.8802404047
PEL,-11.7869192501,-15.3217093876
CLM,3.18134950809,-19.0966025836
PJL,-13.2122446895,-21.9937370638
CHB,-3.1577235918,-9.42077387226
JPT,0.896559906906,-10.5002928293
LWK,-3.80955243455,-4.11671416694
CEU,4.32400647934,-15.0864284732
ITU,-4.6313058908,-15.4124112585
ITU,-13.642316932,-27.9729122537
PUR,-0.400537070197,-34.7600117408
CEU,-1.06164415363,-23.7194731733
YRI,-17.5821985741,-23.6056544274
TSI,-12.3171594975,-27.3435634203
LWK,6.43543219123,-20.1895188148
CEU,0.64066410553,-12.1003567054
MSL,-12.5520031689,-28.8566539672
GWD,4.9183752302,-23.7651816718
ACB,-22.4867940995,-18.1481131841
GBR,0.658249813414,-12.6150756472
PUR,5.40279508691,-15.3860436468
JPT,5.67925113034,-21.1044145226
JPT,2.95123447863,-27.6556594536
GIH,-0.624318651424,-25.9181375869
FIN,1.67352064469,-29.2171902829
LWK,4.01876096748,-22.1135420963
CHS,-13.8606875525,-17.8399603339
MSL,-7.07160972164,-10.6774424487
MXL,-1.85750394377,-19.6012540005
CEU,-1.04750293203,-9.00261678002
MXL,5.38240978095,-23.5692630129
ASW,5.11300734315,-13.6251035808
PUR,4.73001198685,-16.7663492142
PJL,2.2927516292,-13.4824032967
ITU,-6.19706926564,-19.9212042998
PUR,5.00079955941,-28.4216442181
GBR,3.95995757015,-15.4364592053
GWD,-6.48566687583,-18.6103783202
CHS,-10.7009490095,-26.5684489528
MXL,-12.2001861392,-18.7574630443
FIN,1.27401069694,-32.30215659
GWD,-1.3882427565,-14.0347581214
PEL,-3.51786467024,-13.6632320136
CEU,-14.4214884311,-20.7784464754
CDX,6.83078430761,-18.8086074312
LWK,-0.484221466363,-21.0478138135
FIN,0.951392870552,-14.2019758748
CEU,0.414032978787,-18.5315965995
PUR,-6.65626994033,-20.1437692338
MXL,7.00229754777,-14.4764274779
IBS,-10.7723365209,-17.0101486639
STU,5.03093790128,-25.5928079704
ACB,-11.236101894,-23.59467195
ITU,2.7542306094,-20.6906550866
KHV,3.34176845397,-12.979653447
ACB,-16.0126140938,-21.6719951069
JPT,-3.2523637206,-24.2196674838
PEL,-10.7876470102,-20.0668471571
PEL,6.07437445113,-24.8993446307
CDX,-13.4184099009,-29.8283039592
GWD,-4.05225671114,-19.0680145477
GIH,-1.03679698089,-9.8672544168
YRI,-14.4123342936,-19.3348459735
ASW,5.3941961841,-19.0446149247
CHB,-15.0766092402,-28.1757585765
GBR,-13.2192074967,-16.1570797883
CLM,-2.78681308679,-10.3328506747
LWK,-5.40544110672,-11.6549790925
BEB,3.11757448908,-16.6417622383
MXL,-2.36899236892,-7.67987456604
CDX,-6.82731719518,-16.7715277003
CHB,4.06176737795,-18.4477064256
ACB,0.744424161673,-10.5874047117
STU,-4.19939329291,-24.2769682526
CEU,1.94507528718,-21.6974814784
PEL,-4.92708864313,-22.589127098
CHB,-8.62487892329,-17.9806498267
ITU,-5.57103863545,-19.7220889052
CDX,0.904710424493,-20.4437767857
FIN,-2.69341812525,-18.166006316
KHV,-2.40204734547,-17.3675772607
YRI,-13.1215953313,-20.7890078754
TSI,-12.0194907037,-21.7742947038
GIH,-9.98574104951,-17.5213776016
TSI,-13.5041753319,-18.4826839679
TSI,-18.3505152346,-25.4925380404
MXL,-1.72639640236,-14.7350224657
YRI,-2.28236416488,-27.9519136026
MSL,0.175511173689,-6.79586988675
ACB,4.01475737111,-12.6704394024
CHS,3.65533317645,-25.9387047963
PJL,4.20864801088,-19.8698392354
YRI,0.510145104175,-15.5570561417
CLM,-7.20133486622,-17.4290550822
PEL,5.82009212834,-19.1308661013
PJL,2.83633454438,-22.3514756829
JPT,1.19313556668,-27.702168718
STU,3.98238020182,-9.95656007583
CHS,-3.20020929203,-24.7873203212
CDX,-0.102953141511,-10.3047394294
JPT,1.23873143573,-15.5066359536
MSL,-3.60251979714,-20.7255485378
YRI,-4.95824153301,-8.89054509284
PJL,-15.6390421913,-22.970791736
JPT,3.12761544577,-22.4304491808
LWK,-2.39299093602,-23.6971636558
CHB,-11.3515605046,-27.606163551
ITU,-0.944779489618,-11.0108193757
GWD,-5.35402574667,-8.0081846678
JPT,-7.39932843217,-17.641671259
JPT,7.32432568694,-17.8265852145
BEB,2.21874787954,-17.0271185926
GIH,-0.143395433525,-17.5148247714
CHB,-2.60814591091,-26.6684479701
CHS,6.49433294276,-22.9543973769
STU,-0.365368322771,-17.6376195212
GBR,3.26635354448,-16.0494460672
PUR,-0.426065240545,-18.5222532884
IBS,6.72142792806,-21.8814187812
GWD,-8.48233250005,-29.1604065906
YRI,0.356273964975,-18.8688246841
IBS,-1.20134158531,-25.9145318195
ASW,4.47749055679,-21.4729507685
CHS,1.25415067777,-25.3285827253
FIN,-14.5674839171,-17.5103220518
GWD,-1.30092468304,-10.2823539153
CLM,-11.2884948019,-24.6910015592
ITU,3.69089861202,-26.3025030886
PJL,5.82210071629,-27.213794746
YRI,-0.412374830144,-23.3027250535
JPT,-14.5256208321,-15.8909520129
KHV,1.25895756947,-16.3395906627
ACB,7.45202594096,-16.258967698
JPT,-0.626776839807,-14.5502773723
GBR,-15.5552522491,-18.7776109723
GIH,0.356628423212,-21.2531457636
YRI,3.55736800543,-14.797695284
BEB,3.77732195797,-24.0169901809
LWK,-0.0701953237256,-4.79337204489
ITU,4.09026365065,-21.9028395152
JPT,4.73455232685,-22.3857785096
STU,-11.8645143906,-10.2298285348
YRI,-13.1757282787,-17.4964814156
CDX,-13.851076872,-24.2934143461
GWD,4.24744499864,-8.10346519691
ITU,-7.63889806783,-16.1835705555
MXL,1.95500571269,-9.699311808
GIH,-0.122861231825,-25.7053803399
JPT,-3.67667736676,-7.93266842956
ACB,-2.82096106141,-17.8995721954
PEL,4.63810616337,-9.10362096266
GWD,5.53647954315,-22.6970205897
GWD,1.8354642451,-30.2476447048
CEU,-1.00259946031,-12.1800251706
KHV,-10.917443099,-23.760434233
YRI,-1.86837934046,-21.5792941042
ACB,-6.15996901715,-27.7399076056
ASW,-17.1064964366,-19.1815021236
PEL,3.24426979338,-15.5374698295
CEU,6.06800976328,-24.4842582382
BEB,-0.443914014484,-29.2516526726
MSL,5.20379594568,-23.886894674
GIH,-13.8389737889,-22.3356858359
GBR,2.61263034252,-14.0690012881
KHV,-17.8733237494,-23.1842219851
LWK,-4.21966112096,-28.4682863952
MXL,0.172979069304,-16.2324953576
STU,-16.5546670082,-20.568472484
FIN,-15.3975805291,-12.9886139457
MXL,-2.6659849915,-12.4553707544
ACB,0.588083971484,-26.6585485827
TSI,4.62893992843,-18.5327618549
CHS,-0.264013173389,-15.1357737708
FIN,2.66129773245,-26.4362045866
ACB,4.01004949459,-15.3296950651
MSL,1.84156956748,-10.1236136975
GIH,5.24994260255,-17.8053673026
ESN,-16.3842574944,-22.8857108802
TSI,-16.3121738289,-24.9475734775
PUR,3.03152909516,-19.9019692322
TSI,-15.9835525065,-21.1904000438
PUR,5.51813081539,-22.4161955278
LWK,7.30011928003,-27.9090678888
JPT,-14.2510772644,-22.2980898301
YRI,-9.91625276744,-23.8316701769
CHS,4.27738128655,-22.3008934117
TSI,-0.884008895204,-17.2720957161
IBS,3.95534952436,-23.5683425682
CHS,-13.27141972,-23.5059412502
FIN,2.79964966219,-14.8316410359
ACB,-14.089636191,-19.4493925469
CHB,-7.65099158384,-28.0744351749
YRI,3.69714246683,-21.2301640405
CEU,4.02153815987,-13.4958196512
CLM,-10.7571249316,-19.8374106739
ITU,-6.46806169192,-20.0766265965
CEU,4.00016149332,-12.9897241586
GBR,-12.5424688063,-19.4591742291
KHV,1.33014952025,-22.4599238334
CEU,-4.81282229631,-18.6961995506
GBR,-4.71595949468,-19.4065704998
FIN,1.5519917647,-9.46354306756
LWK,6.37353694998,-26.9882938614
KHV,-13.0846731786,-25.845962626
ASW,-4.69084552758,-15.292685864
CDX,-3.95281423683,-16.3666653713
GIH,5.73686547468,-20.5769695928
CHS,-14.6966429256,-24.4338621126
KHV,1.97941174704,-22.406436476
TSI,-1.70619346516,-24.0429578324
CHB,4.75962121523,-28.5653113495
CEU,3.31500059635,-13.9473169489
JPT,-12.7236447577,-21.2296167279
TSI,9.12269261728,-27.0490371182
TSI,-1.88914646223,-18.2027466553
GIH,-7.94299189679,-22.1447001185
STU,0.76603457281,-19.7425032743
JPT,1.24045991169,-29.0054030121
YRI,-15.7537481158,-25.0167096747
LWK,-17.1860080362,-18.5401436458
FIN,5.20342634085,-21.4457825475
CHS,-7.95933241686,-10.9482722179
ACB,-1.7775041708,-9.37643421901
LWK,-20.0850452429,-22.6239677806
CHS,6.3042381359,-21.8451270193
PUR,3.20512192082,-20.1114737816
TSI,-4.93098544096,-19.9216460445
CEU,-4.63179241316,-19.0177831112
GBR,-8.0344055905,-25.4405908039
MSL,-16.1126128549,-24.3958406737
STU,4.13567533969,-22.0999827559
PEL,-0.10189405326,-14.6158321333
CLM,-15.3431949267,-23.5764834823
GWD,2.99446318885,-21.3546994529
FIN,-18.2124695091,-16.9479291989
ESN,-15.5888209974,-26.0693960206
GBR,-3.88454343116,-21.640262029
CHB,-1.04717719983,-26.7874067333
CHS,7.08444776876,-25.0429824902
ITU,3.53894845484,-24.076053213
CHB,2.27566509263,-15.0225137085
CHS,0.625770555011,-8.72446042412
KHV,4.09238947631,-30.2082815842
BEB,5.43286669266,-17.9427209972
JPT,3.93267436084,-24.0059811714
PJL,-10.3932575051,-28.276609297
TSI,-0.892783022657,-11.0157117445
PJL,-1.28769990995,-21.6721136507
ASW,-0.474271785374,-12.1849134586
CHS,-1.2929823245,-5.19644377887
STU,3.20603787816,-20.5365032055
CEU,2.24476582076,-15.1427911945
STU,1.19193419031,-12.439773066
PEL,1.5855435768,-15.387503346
TSI,0.135663813757,-9.57941819619
PEL,0.379733398285,-19.8572636845
CDX,-4.28271367038,-24.764939337
IBS,8.20103054598,-25.8178100279
IBS,1.09320539431,-19.1219749518
STU,7.72743481365,-26.3678799901
MSL,0.835339112085,-18.7622599718
CLM,-6.11015856374,-6.76932629653
IBS,-9.21265640363,-16.9387765194
PJL,0.200260009188,-18.0796585517
YRI,-3.15890096205,-11.2012793645
CDX,-0.840345899663,-19.2435595738
GIH,-3.58885479007,-12.9339356022
JPT,3.46812243869,-21.0839327022
FIN,0.477068907316,-19.071632686
JPT,-2.25120105628,-21.8815864721
GBR,3.51048190289,-16.8799872578
YRI,-17.7842815347,-21.7209705158
ACB,-9.00898428852,-17.3764021305
PJL,1.70579903185,-14.6368607534
FIN,-10.4312687037,-21.1349123588
CHB,-6.10082941553,-13.4705845193
CDX,2.03861752638,-11.3494503254
ITU,-17.2890963414,-23.8227342384
CHB,-4.81162282132,-28.7774120686
FIN,0.797013244412,-5.32973361816
ASW,4.84288296178,-28.3357496602
CHS,-14.784646503,-19.7901082801
CHS,1.67171649475,-15.3296428068
CHB,-19.398762951,-21.5262664888
CHB,-2.87601198462,-15.4321649437
CDX,-20.4654399887,-24.123914407
STU,-10.1025112343,-13.4867666039
PJL,6.61282569473,-24.6804130681
PJL,5.07557638127,-16.5199894119
CEU,-2.6020876006,-12.3885869006
GIH,3.91805371273,-13.9847384133
PJL,-4.96700845532,-12.8411717756
STU,0.688357368006,-14.1280692821
ACB,-0.493127690857,-12.6006906535
MSL,-0.096333324716,-14.0884102825
IBS,1.60296054111,-18.1607997801
ITU,8.11896917266,-27.2107827303
IBS,4.90872475956,-13.7141635709
JPT,2.4656119172,-30.3558623656
KHV,-5.14810737999,-18.0437143478
ACB,-5.40823472086,-15.9529383112
GBR,-2.47566732926,-14.5775374468
MXL,-0.605167447358,-14.3469118904
MSL,4.84220217511,-22.7349191956
ASW,0.725768051237,-6.14250528454
GIH,3.71750194996,-26.074367089
GBR,2.02074681336,-18.148442562
ACB,1.0863197053,-32.0788076568
ACB,-3.15752132324,-12.5675190038
STU,8.17930505471,-25.4137775165
GIH,1.50769959062,-24.6772707741
CLM,6.09917441787,-14.0499155731
GIH,3.76812637108,-23.8616130962
CDX,-16.036123734,-17.3217375094
CHS,-3.60848452905,-17.7227536235
PJL,-6.42694354537,-5.87793785998
PEL,4.67093713348,-30.1144204482
CHB,6.01634257323,-20.8507778059
BEB,1.26371557565,-21.2269910221
ITU,-9.40852266357,-18.8299810992
PJL,8.9583706233,-27.3654850722
CEU,-15.2032750369,-18.6810199194
STU,-4.86447035443,-4.19592161281
ITU,-3.45279866842,-19.5246459877
MSL,0.420066480172,-13.8998027608
LWK,-0.936420528288,-13.9308246776
CHS,4.32609248563,-20.8743200618
GBR,-2.23677203453,-24.1868754644
PJL,1.92640295292,-13.8831484219
KHV,-9.13182408375,-21.3228128354
MXL,-0.942483297753,-1.24196418267
MXL,-2.35657184749,-12.1776288095
GWD,-4.99543634578,-4.07724605597
CEU,-6.05423158785,-22.9752410474
MXL,2.77597913109,-10.5935981238
STU,1.20585273418,-14.8882901681
ASW,-0.875192442748,-12.2036922437
STU,-0.763286173478,-20.4619512835
CLM,5.06129188385,-19.4115938733
MSL,5.14115768272,-13.3568533322
LWK,-16.1019340707,-19.8189746646
CLM,5.65905719109,-22.9929334807
STU,3.2686813623,-21.1214085591
CDX,7.93354262899,-27.6488589382
ACB,-2.15789052399,-25.2222968142
ITU,1.13875257293,-17.553150887
GBR,0.814361887647,-17.2441385502
ITU,-1.03812777334,-21.5061174367
GIH,-8.93521276617,-7.30550618142
CEU,4.69073611742,-29.3380456466
ACB,0.0150961019906,-22.5215665673
GIH,-0.175885033168,-13.7314539362
CEU,-5.51916195505,-30.0647034375
GBR,9.05160068581,-26.5642573914
KHV,-16.9636226465,-24.1931217384
CHB,-2.22355771645,-8.26648910777
GIH,3.54551005569,-20.9091311492
BEB,-11.204076304,-22.7721711987
CLM,-13.2381277209,-29.3070512544
CHS,-3.5858874808,-21.7725410282
GIH,-9.99101062419,-19.8717656655
CEU,-3.42055954617,-14.226708406
FIN,-0.0922875772389,-11.5789053643
TSI,-16.6053597431,-19.7999333697
CHB,-4.64889537822,-13.6674103865
GWD,-0.0790982850172,-24.1329237362
CDX,-4.46541135561,-8.86191095477
PJL,-12.307257225,-21.5429676206
CHS,8.30046120741,-26.2453223684
BEB,-20.4788883879,-23.4008725478
STU,6.09354302883,-20.3200169671
TSI,0.374943557573,-23.7771948074
GBR,1.15685616548,-17.6920500959
PJL,7.69094638417,-29.5115234995
CHS,1.34794953348,-27.5885650095
CEU,1.52427040979,-19.7198023953
STU,5.82047494581,-16.0983231283
MSL,-1.21746690617,-15.7874276566
LWK,4.2410023756,-18.3980194118
YRI,5.03947383545,-17.594822527
MXL,-6.33598296747,-21.2524125214
FIN,4.00445358949,-21.370555575
YRI,-0.906470645695,-25.6532659691
IBS,0.783100990545,-14.3651743267
TSI,0.641346406106,-8.78660196041
CHS,6.31381299062,-27.0980228283
YRI,-14.5446741722,-26.0927559231
CHB,0.514964463663,-3.15815528667
KHV,-10.556624186,-19.9440843315
CHS,-0.628901456819,-8.04760618475
CDX,6.61682466013,-24.3531887983
LWK,-13.348958793,-16.6326379622
ASW,-13.555735892,-23.8871228944
FIN,-6.58529828948,-13.4504076466
GWD,1.49759957306,-11.2379889461
YRI,9.5201141489,-27.8206726259
KHV,1.17029150408,-16.6169809318
CHB,-12.0006728511,-20.430294647
FIN,-16.0622402471,-19.6828523106
MSL,-10.1049086612,-16.8539547756
FIN,-6.16819914314,-13.447212119
CDX,9.11565707746,-27.6828198214
ACB,-1.93573958417,-20.0848830747
GWD,8.35168795172,-27.211961466
CHS,-0.353366798273,-13.6821886628
TSI,-5.06383920795,-22.8011090936
ITU,-3.78190969155,-16.9513603522
GWD,-8.9386763389,-8.31107644259
PUR,-15.160857525,-17.2613908824
GIH,3.40821546518,-23.2748529378
GBR,-19.3028138156,-28.2889537557
TSI,-8.00726299195,-26.4884574109
PUR,0.0724509600746,-13.2149836011
JPT,0.263772264451,-12.6910906363
MXL,-0.913026905838,-20.9633866527
MSL,4.00487874188,-25.3497741898
YRI,-3.83531374867,-19.1573033885
PUR,-1.77767195226,-21.0982545631
CEU,-7.33530871554,-19.2996584463
CHS,0.987623354539,-22.3377756722
CHB,0.409941796669,-12.3959652028
MSL,-13.7438857643,-24.5825364707
CEU,7.34510543254,-26.5879770675
FIN,3.30318963257,-21.3412667667
LWK,-6.71238327731,-19.5501617692
PEL,4.43858183038,-18.400236253
STU,2.01836509556,-14.4339363791
CHB,-11.3850130375,-11.2929193188
YRI,-14.5340879009,-18.6502058395
CHB,3.94129118601,-13.8890477746
TSI,7.19821058342,-26.0896568231
PUR,-3.89769438192,-24.982388009
GBR,-4.90596663802,-19.8008960013
ACB,-11.2770848516,-14.6345045159
PJL,2.43377467811,-27.6142930786
JPT,-1.02247626279,-13.0776523509
CHB,-9.6340023187,-19.0656508808
PUR,-0.968545016829,-21.8236647995
KHV,1.39884660581,-20.8191246817
BEB,-4.51818528132,-19.5522591211
GWD,1.67822923723,-21.3820146116
CHS,-0.11664539243,-24.2607166385
GWD,-16.7764765326,-18.9917028984
GIH,-4.07968212402,-16.1006798143
STU,-6.68948137359,-10.5478877312
GWD,5.16722096012,-16.1150096714
GWD,-9.29681087618,-20.1629359373
GWD,-2.43549256602,-24.8832260186
CEU,-1.74216568658,-14.1840988218
ITU,-3.94732549111,-21.6238366036
LWK,-4.6727538013,-21.387674741
MXL,4.67045970292,-22.5270285202
MSL,3.93274700309,-23.7476312061
CDX,-1.3504776168,-8.35686395388
PUR,1.25343237371,-17.3742283134
KHV,-9.08033160903,-19.8055585664
ITU,0.870201690433,-18.9593224127
PEL,-6.17050005701,-22.8812359655
CHS,6.28057344331,-19.3394810207
CDX,2.1388747685,-18.6267861803
PEL,6.15861317627,-20.5532363892
PUR,-15.4117892897,-21.9352289804
ASW,0.562550245552,-17.2085358314
MSL,1.27698319397,-12.2617567592
CEU,8.71593613858,-26.8723009736
PJL,-2.51725909372,-17.2109778368
LWK,-2.58020216292,-14.8395971369
BEB,-3.7576090196,-9.30048479674
FIN,7.809601406,-19.9981169389
FIN,-4.43877815411,-14.5772751818
FIN,5.80181595967,-13.6149034157
MXL,3.10331592188,-23.1352594911
GIH,5.89810308567,-15.6372770408
CHS,3.38197736001,-20.0728435746
PUR,-6.98405788883,-18.1016403924
IBS,0.134837164947,-20.3061538995
MXL,-2.7540987853,-8.34526102724
KHV,-9.91102889912,-9.14829230111
CEU,-1.37891031779,-26.3050427464
FIN,-3.0490986335,-28.0714761842
MSL,1.06422010753,-21.9737985128
GIH,-3.31183495066,-18.0758857528
GBR,-17.749337678,-22.6568996581
ITU,-1.3833377907,-4.5570202894
CHS,4.9147419046,-25.6371321295
GIH,-14.6825289773,-19.2819112619
BEB,-2.41473419707,-18.9374139231
FIN,-11.8495732752,-20.1157047525
GBR,-8.78220320572,-16.4181926503
STU,0.231134529941,-22.3771597277
YRI,0.286375492584,-17.5519028824
CHS,-8.23487630008,-27.4508042529
MXL,-7.15646564904,-19.7963093311
IBS,-8.89821790023,-24.4064534713
PUR,-0.100777749483,-19.1232359567
GWD,4.1015498447,-22.2838588243
JPT,2.89185447225,-21.5581380128
ITU,1.71667465595,-8.98686930219
GWD,-4.80593154428,-27.7347158295
KHV,-4.43727725912,-26.9011703969
CHS,5.74259621721,-27.9576616136
CHB,-12.7708084538,-16.9629277807
LWK,0.158948133223,-22.0364943389
LWK,-15.3353552251,-22.0237332203
CDX,6.3763748947,-23.8932530585
LWK,-2.91111765648,-18.4754028342
YRI,2.07387287602,-20.1840884612
PUR,-5.78820522249,-20.5350245793
TSI,-2.24462429398,-9.80864135636
IBS,-5.6649312886,-14.5321295934
IBS,0.398033090284,-21.7319142844
STU,-7.80393190876,-11.8874077832
GIH,-2.14518259049,-26.4971307717
JPT,3.20423052434,-12.6785010452
ACB,0.933898296396,-25.1115352422
MXL,-0.453635024449,-18.6568544221
IBS,-12.8702568484,-19.2241263448
GIH,-15.1645049887,-22.4803601015
FIN,5.24612898878,-27.3108816606
TSI,-5.1365867192,-21.2633840059
ACB,4.36070338947,-21.2878995962
PUR,-13.6718324045,-22.7464773487
LWK,-3.74061234524,-15.930382032
JPT,-13.8155143098,-25.2006708766
IBS,-2.23620197723,-16.1588628377
YRI,-0.5868971443,-10.7418935892
PEL,-0.229923961042,-15.5762309496
MXL,-11.4699707256,-18.0323016294
GWD,-1.59406326347,-7.30799836392
YRI,8.87386887085,-26.9051104313
GIH,-4.5630028481,-15.5933867676
CLM,-16.727269798,-24.5189530457
STU,-0.299758361511,-18.5555173908
PJL,1.30947707882,-14.7556120365
ACB,0.414019067453,-17.3696508892
TSI,4.66943031778,-16.9469505105
CHS,-1.57267964975,-28.6866868408
ITU,-17.6142515133,-21.9067880715
CHS,-10.2052079324,-19.5809997605
MXL,1.33119045645,-10.7919414144
FIN,8.32720323773,-20.4085941214
FIN,-8.63451428166,-14.2769988418
GWD,5.19018997331,-24.1398876464
CDX,-12.999636613,-15.784234559
ASW,-2.47959928685,-0.727885167055
TSI,3.53766797966,-24.0625629721
KHV,2.21903829865,-24.2313221756
CHS,-14.3200201312,-25.5474258659
PEL,8.7717972957,-26.7393048293
GBR,-17.0202460081,-21.5489269294
CHS,2.35584700365,-19.1351313757
KHV,8.41958914409,-25.089177092
YRI,0.603356759454,-23.7700334214
CHS,2.38734037916,-24.0686810422
MXL,8.02136190141,-26.5188100247
CHS,-7.98898372121,-14.1762121618
CHB,-12.0049388001,-21.1376075186
GWD,-9.53119233709,-15.4525410514
GBR,-0.198549051279,-16.2588350785
CHS,-19.9918005826,-22.2833107661
GWD,2.80539159606,-14.2935571158
MSL,-11.9105595213,-23.9363437888
GBR,6.03824661133,-23.907850057
ACB,-14.7099315231,-22.1911880722
ACB,-19.026791946,-24.2779763755
KHV,7.33475910319,-20.603108984
JPT,-3.05473259854,-17.5045746772
PUR,-6.97903950627,-23.0804023484
GWD,7.45514254667,-15.0278851532
IBS,1.64325310801,-16.3610347469
CHS,0.906939759624,-8.57375415629
PUR,-15.7395604844,-25.5778773725
ITU,-11.9115366817,-19.7018658744
CHB,0.586983749187,-13.5274017955
GWD,-5.17646699627,-26.4853820954
CLM,-4.98321203723,-17.0688525352
BEB,-0.110303301338,-10.7277720312
JPT,6.11360709727,-21.3482535402
GWD,4.29626340087,-30.2291488098
TSI,-3.29159183498,-32.4134331951
PJL,-0.410641410043,-21.7698279105
STU,3.20553756121,-29.0282923156
PJL,-1.93029300861,-14.1707644737
GWD,-14.0496986413,-18.9211524635
CHS,2.17294431204,-12.6882307573
ACB,-6.8749846817,-28.7925181201
MSL,-7.6569312406,-26.6230391416
ASW,8.98445798555,-28.221772515
PUR,-9.90456013707,-20.7247932111
GIH,-11.683953945,-25.1528914309
PUR,-16.2256649183,-27.0015673667
PUR,7.09528756903,-26.5371136359
MSL,2.80550342081,-20.5339940144
ACB,4.06916753047,-21.9309258588
STU,-1.16757190105,-29.2257843584
ASW,1.79962767933,-13.4610796546
YRI,-1.41082448228,-24.3245380529
STU,3.11345135832,-24.6045118773
